{
  "provenance": {
    "raw_dir": "results/studies/exp33_temporal_block_probe/sleepdep_probes.json",
    "snapshot_date": "2026-04-25",
    "commit": "e47a8b0",
    "script": "scripts/analysis/rebuild_final_snapshots.py",
    "notes": "Temporal-block subject-ID probe (uniform across 4 cells)."
  },
  "dataset": "sleepdep",
  "protocol": "temporal_block_5fold",
  "seeds": [
    42
  ],
  "results": {
    "labram": {
      "original": {
        "subject_probe_mean": 0.6307870370370371,
        "subject_probe_std": 0.0,
        "subject_probe_bas": [
          0.6307870370370371
        ],
        "n_subjects": 36,
        "chance_rate": 0.027777777777777776,
        "n_windows": 4320,
        "feature_dim": 200
      },
      "aperiodic_removed": {
        "subject_probe_mean": 0.5233796296296296,
        "subject_probe_std": 0.0,
        "subject_probe_bas": [
          0.5233796296296296
        ],
        "n_subjects": 36,
        "chance_rate": 0.027777777777777776,
        "n_windows": 4320,
        "feature_dim": 200
      },
      "periodic_removed": {
        "subject_probe_mean": 0.6310185185185184,
        "subject_probe_std": 0.0,
        "subject_probe_bas": [
          0.6310185185185184
        ],
        "n_subjects": 36,
        "chance_rate": 0.027777777777777776,
        "n_windows": 4320,
        "feature_dim": 200
      },
      "both_removed": {
        "subject_probe_mean": 0.5222222222222221,
        "subject_probe_std": 0.0,
        "subject_probe_bas": [
          0.5222222222222221
        ],
        "n_subjects": 36,
        "chance_rate": 0.027777777777777776,
        "n_windows": 4320,
        "feature_dim": 200
      }
    },
    "cbramod": {
      "original": {
        "subject_probe_mean": 0.5983796296296297,
        "subject_probe_std": 0.0,
        "subject_probe_bas": [
          0.5983796296296297
        ],
        "n_subjects": 36,
        "chance_rate": 0.027777777777777776,
        "n_windows": 4320,
        "feature_dim": 200
      },
      "aperiodic_removed": {
        "subject_probe_mean": 0.5638888888888889,
        "subject_probe_std": 0.0,
        "subject_probe_bas": [
          0.5638888888888889
        ],
        "n_subjects": 36,
        "chance_rate": 0.027777777777777776,
        "n_windows": 4320,
        "feature_dim": 200
      },
      "periodic_removed": {
        "subject_probe_mean": 0.5958333333333333,
        "subject_probe_std": 0.0,
        "subject_probe_bas": [
          0.5958333333333333
        ],
        "n_subjects": 36,
        "chance_rate": 0.027777777777777776,
        "n_windows": 4320,
        "feature_dim": 200
      },
      "both_removed": {
        "subject_probe_mean": 0.5638888888888889,
        "subject_probe_std": 0.0,
        "subject_probe_bas": [
          0.5638888888888889
        ],
        "n_subjects": 36,
        "chance_rate": 0.027777777777777776,
        "n_windows": 4320,
        "feature_dim": 200
      }
    },
    "reve": {
      "original": {
        "subject_probe_mean": 0.4912037037037037,
        "subject_probe_std": 0.0,
        "subject_probe_bas": [
          0.4912037037037037
        ],
        "n_subjects": 36,
        "chance_rate": 0.027777777777777776,
        "n_windows": 4320,
        "feature_dim": 512
      },
      "aperiodic_removed": {
        "subject_probe_mean": 0.4724537037037037,
        "subject_probe_std": 0.0,
        "subject_probe_bas": [
          0.4724537037037037
        ],
        "n_subjects": 36,
        "chance_rate": 0.027777777777777776,
        "n_windows": 4320,
        "feature_dim": 512
      },
      "periodic_removed": {
        "subject_probe_mean": 0.4921296296296297,
        "subject_probe_std": 0.0,
        "subject_probe_bas": [
          0.4921296296296297
        ],
        "n_subjects": 36,
        "chance_rate": 0.027777777777777776,
        "n_windows": 4320,
        "feature_dim": 512
      },
      "both_removed": {
        "subject_probe_mean": 0.469212962962963,
        "subject_probe_std": 0.0,
        "subject_probe_bas": [
          0.469212962962963
        ],
        "n_subjects": 36,
        "chance_rate": 0.027777777777777776,
        "n_windows": 4320,
        "feature_dim": 512
      }
    }
  }
}