{
  "provenance": {
    "raw_dir": "results/studies/exp27_paired_null/stress",
    "snapshot_date": "2026-04-25",
    "commit": "e47a8b0",
    "script": "scripts/analysis/rebuild_final_snapshots.py",
    "notes": "30-seed LaBraM FT permutation null for stress; aggregated."
  },
  "model": "labram",
  "cell": "stress",
  "n_seeds": 30,
  "subject_bal_acc_per_seed": {
    "s0": 0.4286,
    "s1": 0.4643,
    "s10": 0.5982,
    "s11": 0.5089,
    "s12": 0.5179,
    "s13": 0.5804,
    "s14": 0.5,
    "s15": 0.5089,
    "s16": 0.5625,
    "s17": 0.4821,
    "s18": 0.4821,
    "s19": 0.4911,
    "s2": 0.5179,
    "s20": 0.4018,
    "s21": 0.625,
    "s22": 0.4196,
    "s23": 0.6607,
    "s24": 0.5,
    "s25": 0.4554,
    "s26": 0.4821,
    "s27": 0.5714,
    "s28": 0.4643,
    "s29": 0.5446,
    "s3": 0.4554,
    "s4": 0.5714,
    "s5": 0.3929,
    "s6": 0.4911,
    "s7": 0.5268,
    "s8": 0.4821,
    "s9": 0.4911
  },
  "subject_bal_acc_mean": 0.5059533333333334,
  "subject_bal_acc_std_ddof1": 0.0629243592617815,
  "subject_bal_acc_min": 0.3929,
  "subject_bal_acc_max": 0.6607
}