epoch,train_loss,val_win_bal_acc,val_bal_acc,lr
1,0.2946841483130867,0.6344475196934214,0.9583333333333333,9.999999999999999e-06
2,0.23210618488582563,0.6036832020438578,0.8333333333333333,1.9999999999999998e-05
3,0.17661006647495575,0.5349006964932024,0.6666666666666666,3e-05
4,0.14315952590586226,0.48867058000547464,0.5416666666666666,2.99665031793473e-05
5,0.1175105909322515,0.47087806806776367,0.375,2.9866162322321703e-05
6,0.09303690161969927,0.4851120776179324,0.3333333333333333,2.9699425575548802e-05
7,0.06443477973893837,0.3817938501779251,0.45833333333333337,2.946703762581565e-05
8,0.03877639179520401,0.40791994890355543,0.45833333333333337,2.917003637411878e-05
9,0.021509402190093643,0.4004987986252623,0.45833333333333337,2.880974830014643e-05
10,0.011015129991358629,0.4312631162748259,0.45833333333333337,2.838778253789822e-05
11,0.005021521561480139,0.45182335229173637,0.5,2.790602368890209e-05
12,0.002615928389764402,0.43976398308951004,0.5,2.7366623405126405e-05
13,0.0015144693125527997,0.43605340795036346,0.45833333333333337,2.6771990779179916e-05
14,0.001001849874385552,0.4323428328112169,0.45833333333333337,2.6124781584719365e-05
15,0.0007298878335859627,0.4341981203807902,0.45833333333333337,2.5427886415119635e-05
16,0.000555594708450012,0.4416192706590833,0.5,2.4684417773382037e-05
