epoch,train_loss,val_win_bal_acc,val_bal_acc,lr
1,0.23180870363464604,0.4993212612808889,0.4358974358974359,9.999999999999999e-06
2,0.18875442832321315,0.484217229908077,0.47435897435897434,1.9999999999999998e-05
3,0.14603947190108238,0.46404779661301,0.34615384615384615,3e-05
4,0.11749559273193409,0.4558233268252625,0.38461538461538464,2.99665031793473e-05
5,0.09408317332143908,0.4578721122181349,0.5128205128205128,2.9866162322321703e-05
6,0.07398657582990535,0.4511475712047193,0.47435897435897434,2.9699425575548802e-05
7,0.05412513317612858,0.435230729267046,0.4230769230769231,2.946703762581565e-05
8,0.03506174147758004,0.45261817176279334,0.4230769230769231,2.917003637411878e-05
9,0.020132379836173026,0.4412974802872489,0.4230769230769231,2.880974830014643e-05
10,0.010146671767019994,0.4531502694006151,0.4230769230769231,2.838778253789822e-05
11,0.004695076933856328,0.44795917512296907,0.4230769230769231,2.790602368890209e-05
12,0.002772064924893248,0.44783348276757806,0.4230769230769231,2.7366623405126405e-05
13,0.0016269748350121564,0.4476617032152105,0.4230769230769231,2.6771990779179916e-05
14,0.0011133628015938615,0.44719245175508426,0.4230769230769231,2.6124781584719365e-05
15,0.000839538115542382,0.4483027342277043,0.4230769230769231,2.5427886415119635e-05
16,0.0006495858198666775,0.44631679501252736,0.4230769230769231,2.4684417773382037e-05
17,0.0005251697257808228,0.44631679501252736,0.4230769230769231,2.3897696170940328e-05
18,0.0004270096355217642,0.4474270774851473,0.4230769230769231,2.307123529745059e-05
19,0.00035640089009138573,0.4421731370298058,0.4230769230769231,2.2208726327800257e-05
20,0.0003030539564742985,0.44591038973009667,0.4230769230769231,2.1314021436425026e-05
21,0.00026424323987630014,0.4406564492747551,0.4230769230769231,2.039111659256269e-05
22,0.00022926142543377415,0.4450347329875397,0.4230769230769231,1.9444133713284513e-05
