epoch,train_loss,val_win_bal_acc,val_bal_acc,lr
1,0.29616379214728134,0.5048273604974636,0.4423076923076923,9.999999999999999e-06
2,0.18412091147075307,0.4815496645393552,0.38461538461538464,1.9999999999999998e-05
3,0.15212159952584733,0.4770086728849615,0.6346153846153846,3e-05
4,0.12914363913079527,0.4960726558664703,0.5192307692307692,2.99665031793473e-05
5,0.11047686620595608,0.4743904434626084,0.4807692307692308,2.9866162322321703e-05
6,0.08797039107439365,0.5663966617574865,0.7115384615384616,2.9699425575548802e-05
7,0.060521346893399317,0.5316642120765832,0.46153846153846156,2.946703762581565e-05
8,0.03395650084031389,0.5361642938962526,0.5,2.917003637411878e-05
9,0.015448858931739914,0.5668057601047292,0.7115384615384616,2.880974830014643e-05
10,0.006582998055122555,0.5621011291114384,0.75,2.838778253789822e-05
11,0.0026612060839320195,0.5318687612502045,0.5,2.790602368890209e-05
12,0.00150079791250817,0.5477417771232204,0.5,2.7366623405126405e-05
13,0.0009009820654334381,0.5398052691867125,0.5,2.6771990779179916e-05
14,0.0006119421883108481,0.5477417771232204,0.5,2.6124781584719365e-05
15,0.0004472065662179994,0.5488054328260514,0.75,2.5427886415119635e-05
16,0.00034174492774330617,0.5451644575355915,0.5,2.4684417773382037e-05
17,0.0002757276611481892,0.5443053510063819,0.5,2.3897696170940328e-05
18,0.00022344994210877128,0.5443053510063819,0.5,2.307123529745059e-05
19,0.00018656451976176925,0.5434462444771723,0.5,2.2208726327800257e-05
20,0.00015822929329241308,0.5425871379479626,0.5,2.1314021436425026e-05
21,0.0001344371424799666,0.5425871379479626,0.5,2.039111659256269e-05
22,0.0001180688288630026,0.541728031418753,0.5,1.9444133713284513e-05
23,0.00010582053088929821,0.5451644575355915,0.5,1.8477302254012925e-05
24,9.480336434245011e-05,0.5425871379479626,0.5,1.749494031874695e-05
25,8.519017269173539e-05,0.5400098183603338,0.5,1.6501435374361478e-05
