epoch,train_loss,val_win_bal_acc,val_bal_acc,lr
1,0.16659562099882014,0.5071824726997141,0.5,0.0002
2,0.12947794690842374,0.5233789199306441,0.5,0.0004
3,0.10447567712758236,0.6851079954528231,0.6904761904761905,0.0006
4,0.07979531711417026,0.7043760836864286,0.7579365079365079,0.0008
5,0.07072345241975625,0.687639946260636,0.7341269841269842,0.001
6,0.06483421085752061,0.6700655666172908,0.6547619047619048,0.0009995614150494292
7,0.06067884630983931,0.6522730143419799,0.7142857142857143,0.0009982464296247522
8,0.05494106768307515,0.6771274702309185,0.6865079365079365,0.000996057350657239
9,0.04887037357436743,0.6534959293579983,0.6309523809523809,0.0009929980185352525
10,0.04837159733948123,0.6697784973647043,0.6309523809523809,0.0009890738003669028
11,0.04655875517876098,0.6700655666172908,0.7142857142857143,0.0009842915805643156
12,0.04052726195240215,0.6486616831444418,0.6587301587301587,0.0009786597487660335
13,0.03940762445897977,0.6753418994798306,0.7103174603174602,0.0009721881851187406
14,0.038983871095182226,0.6718626201384822,0.7142857142857143,0.0009648882429441257
15,0.036680498329692404,0.6499879430913913,0.6825396825396826,0.0009567727288213005
16,0.035851279871763085,0.6401472091127264,0.6587301587301587,0.0009478558801197064
17,0.03298243964483455,0.6526863940657044,0.6865079365079365,0.0009381533400219318
18,0.02861810222797103,0.6367770160873609,0.6547619047619048,0.0009276821300802534
19,0.030498201833945124,0.637242068276551,0.6547619047619048,0.0009164606203550497
20,0.03175587779855698,0.6734070527173975,0.75,0.0009045084971874737
21,0.026797435653415577,0.6279926969582141,0.6746031746031746,0.0008918467286629199
22,0.029290481117153468,0.652227083261566,0.7023809523809523,0.0008784975278258782
23,0.026009244542908802,0.662153938016007,0.7023809523809523,0.0008644843137107057
24,0.024301048842574544,0.6414849518297794,0.7023809523809523,0.0008498316702566827
25,0.02302250501431455,0.6528069631517908,0.6547619047619048,0.0008345653031794292
