epoch,train_loss,val_win_bal_acc,val_bal_acc,lr
1,0.23993632334227466,0.5969585721107928,0.7878787878787878,9.999999999999999e-06
2,0.18243799282580006,0.6211795606494748,0.696969696969697,1.9999999999999998e-05
3,0.15107589093398074,0.6569961795606495,0.7424242424242424,3e-05
4,0.11952625063000893,0.6291487583572111,0.6212121212121212,2.99665031793473e-05
5,0.08356863518758696,0.5499791069723018,0.6212121212121212,2.9866162322321703e-05
6,0.045337190661503345,0.4991941260744986,0.45454545454545453,2.9699425575548802e-05
7,0.02007207038280155,0.48316618911174786,0.5757575757575758,2.946703762581565e-05
8,0.008031763224292318,0.48122612225405925,0.45454545454545453,2.917003637411878e-05
9,0.003306079636879113,0.48941917382999045,0.5757575757575758,2.880974830014643e-05
10,0.001710889092111979,0.4899414995224451,0.5757575757575758,2.838778253789822e-05
11,0.001021583647881777,0.49658249761222545,0.5757575757575758,2.790602368890209e-05
12,0.0006826153375167989,0.499970152817574,0.6212121212121212,2.7366623405126405e-05
13,0.0004892391568448927,0.5037458213944603,0.6212121212121212,2.6771990779179916e-05
14,0.0003685228143787791,0.4994478271251194,0.6212121212121212,2.6124781584719365e-05
15,0.0002872173091993912,0.5008804918815664,0.6212121212121212,2.5427886415119635e-05
16,0.00023299974244003592,0.49801516236867244,0.6212121212121212,2.4684417773382037e-05
