epoch,train_loss,val_win_bal_acc,val_bal_acc,lr
1,0.25536367861391274,0.4075385494003427,0.23076923076923078,9.999999999999999e-06
2,0.196403772796242,0.392175899486008,0.15384615384615385,1.9999999999999998e-05
3,0.1460050860220946,0.4511707595659623,0.3076923076923077,3e-05
4,0.10601768718616476,0.4235294117647059,0.34615384615384615,2.99665031793473e-05
5,0.07126561700574403,0.42924043403769274,0.34615384615384615,2.9866162322321703e-05
6,0.03925487889175855,0.49263278126784693,0.4358974358974359,2.9699425575548802e-05
7,0.019721421259410173,0.4562535693889206,0.39743589743589747,2.946703762581565e-05
8,0.008740377087977905,0.4605368360936608,0.5128205128205128,2.917003637411878e-05
9,0.003643797879509664,0.46544831524842945,0.47435897435897434,2.880974830014643e-05
10,0.0019204042744834103,0.48526556253569386,0.47435897435897434,2.838778253789822e-05
11,0.0009692676956070252,0.4782981153626499,0.47435897435897434,2.790602368890209e-05
12,0.0006083358194056256,0.4793832095945174,0.47435897435897434,2.7366623405126405e-05
13,0.00042045086522493966,0.4803540833809252,0.47435897435897434,2.6771990779179916e-05
14,0.0003121433135463112,0.4803540833809252,0.47435897435897434,2.6124781584719365e-05
15,0.00024130752749398614,0.47932609937178755,0.47435897435897434,2.5427886415119635e-05
16,0.00019845057293917933,0.4774414620217019,0.47435897435897434,2.4684417773382037e-05
17,0.00016029442254540362,0.4784123358081097,0.47435897435897434,2.3897696170940328e-05
18,0.00013383079614374138,0.48041119360365503,0.47435897435897434,2.307123529745059e-05
19,0.0001130108502127645,0.48332381496287835,0.47435897435897434,2.2208726327800257e-05
20,9.826449971918459e-05,0.47944031981724733,0.47435897435897434,2.1314021436425026e-05
21,8.505482956643038e-05,0.48041119360365503,0.47435897435897434,2.039111659256269e-05
22,7.354266033836361e-05,0.4784694460308395,0.47435897435897434,1.9444133713284513e-05
23,6.604291266095299e-05,0.48041119360365503,0.47435897435897434,1.8477302254012925e-05
24,5.935596569207581e-05,0.48429468874928616,0.47435897435897434,1.749494031874695e-05
25,5.37232163101754e-05,0.48041119360365503,0.47435897435897434,1.6501435374361478e-05
