epoch,train_loss,val_win_bal_acc,val_bal_acc,lr
1,0.4222702780738473,0.483819611922889,0.6666666666666666,9.999999999999999e-06
2,0.20298986043781042,0.5041377027474346,0.5,1.9999999999999998e-05
3,0.1574215769767761,0.5452704087262181,0.75,3e-05
4,0.11661822013556958,0.5307372204095143,0.625,2.99665031793473e-05
5,0.08026332897134125,0.5491716713166565,0.5833333333333334,2.9866162322321703e-05
6,0.048819900047965346,0.5832584606169512,0.75,2.9699425575548802e-05
7,0.024018308136146516,0.6016929115240932,0.75,2.946703762581565e-05
8,0.01070123926619999,0.5862927759650699,0.5833333333333334,2.917003637411878e-05
9,0.005234375107102096,0.5954745353950915,0.75,2.880974830014643e-05
10,0.002815278770503937,0.6073674752920036,0.75,2.838778253789822e-05
11,0.0017353498904412845,0.6063192572626535,0.75,2.790602368890209e-05
12,0.0011446191627328516,0.6073674752920036,0.75,2.7366623405126405e-05
13,0.0008347164322003664,0.6073674752920036,0.75,2.6771990779179916e-05
14,0.000631150162735139,0.6042228212039533,0.75,2.6124781584719365e-05
15,0.00048631287963871726,0.6073674752920036,0.75,2.5427886415119635e-05
16,0.0003829016394774953,0.6008968963288724,0.75,2.4684417773382037e-05
17,0.0003135736029435066,0.6052710392333034,0.75,2.3897696170940328e-05
18,0.0002635490696548004,0.6015116407370628,0.75,2.307123529745059e-05
19,0.00022290505155524442,0.6040415504169228,0.75,2.2208726327800257e-05
20,0.00019423195121817116,0.6025598587664129,0.75,2.1314021436425026e-05
21,0.00017028527895490697,0.603608076795763,0.75,2.039111659256269e-05
22,0.00015072391902322125,0.6008968963288724,0.75,1.9444133713284513e-05
23,0.00013502144049652997,0.5988004602701723,0.75,1.8477302254012925e-05
24,0.00012137246337715624,0.5988004602701723,0.75,1.749494031874695e-05
25,0.00011018474706361303,0.5998486782995224,0.75,1.6501435374361478e-05
26,0.00010100628535383293,0.6008968963288724,0.75,1.5501224655115118e-05
