epoch,train_loss,val_win_bal_acc,val_bal_acc,lr
1,0.6262034755200148,0.4715070643642072,0.5,9.999999999999999e-06
2,0.24812936736270785,0.4213500784929356,0.5833333333333334,1.9999999999999998e-05
3,0.17129355610813946,0.5178963893249607,0.6666666666666666,3e-05
4,0.1324265031144023,0.5467032967032968,0.6666666666666666,2.99665031793473e-05
5,0.10290311998687685,0.5762951334379907,0.6666666666666666,2.9866162322321703e-05
6,0.0714104596991092,0.5867346938775511,0.6666666666666666,2.9699425575548802e-05
7,0.041754844103707,0.5614599686028258,0.6666666666666666,2.946703762581565e-05
8,0.02131962560088141,0.5665620094191522,0.6666666666666666,2.917003637411878e-05
9,0.010119562586623942,0.5507849293563579,0.625,2.880974830014643e-05
10,0.0055153372613858664,0.5409733124018838,0.625,2.838778253789822e-05
11,0.0031972732467693277,0.5451334379905809,0.625,2.790602368890209e-05
12,0.0020851818594564975,0.5403453689167974,0.625,2.7366623405126405e-05
13,0.0015007166925897764,0.5372056514913658,0.625,2.6771990779179916e-05
14,0.0011009385034412844,0.5356357927786499,0.625,2.6124781584719365e-05
15,0.0008393885491386754,0.5361852433281005,0.625,2.5427886415119635e-05
16,0.0006624448388947712,0.5361852433281005,0.4583333333333333,2.4684417773382037e-05
17,0.0005462837677896459,0.5359497645211931,0.625,2.3897696170940328e-05
18,0.00044165201450141467,0.5317896389324961,0.4583333333333333,2.307123529745059e-05
19,0.00038404023240445895,0.5351648351648352,0.4583333333333333,2.2208726327800257e-05
20,0.0003278345966464258,0.5349293563579278,0.4583333333333333,2.1314021436425026e-05
