epoch,train_loss,val_win_bal_acc,val_bal_acc,lr
1,0.09107183292508125,0.5,0.5,1e-05
2,0.08091790812171024,0.5,0.5,5e-06
3,0.07229913414820381,0.5,0.5,1.0000000000000001e-07
