{
  "provenance": {
    "raw_dir": "results/studies/fooof_ablation/eegmat_probes.json",
    "snapshot_date": "2026-04-25",
    "commit": "e47a8b0",
    "script": "scripts/analysis/rebuild_final_snapshots.py",
    "notes": "FOOOF {aperiodic,periodic,both}_removed \u2192 re-extract \u2192 state probe."
  },
  "dataset": "eegmat",
  "results": {
    "labram": {
      "original": {
        "subject_probe_mean": 0.5555555555555556,
        "subject_probe_std": 0.029695693545824946,
        "subject_probe_bas": [
          0.6111111111111112,
          0.5833333333333334,
          0.5277777777777778,
          0.5555555555555556,
          0.5277777777777778,
          0.5555555555555556,
          0.5277777777777778,
          0.5555555555555556
        ],
        "state_probe_mean": 0.7222222222222222,
        "state_probe_std": 0.016600397351866598,
        "state_probe_bas": [
          0.7222222222222222,
          0.6944444444444444,
          0.7083333333333333,
          0.75,
          0.7222222222222222,
          0.7361111111111112,
          0.7222222222222222,
          0.7222222222222222
        ]
      },
      "aperiodic_removed": {
        "subject_probe_mean": 0.5277777777777778,
        "subject_probe_std": 0.06121924055770441,
        "subject_probe_bas": [
          0.4722222222222222,
          0.5277777777777778,
          0.5277777777777778,
          0.6388888888888888,
          0.5277777777777778,
          0.4444444444444444,
          0.5,
          0.5833333333333334
        ],
        "state_probe_mean": 0.7152777777777778,
        "state_probe_std": 0.031497039417435604,
        "state_probe_bas": [
          0.75,
          0.7361111111111112,
          0.6805555555555556,
          0.7083333333333333,
          0.75,
          0.6805555555555556,
          0.6805555555555556,
          0.7361111111111112
        ]
      },
      "periodic_removed": {
        "subject_probe_mean": 0.5555555555555556,
        "subject_probe_std": 0.025717224993681998,
        "subject_probe_bas": [
          0.5833333333333334,
          0.5833333333333334,
          0.5277777777777778,
          0.5555555555555556,
          0.5277777777777778,
          0.5277777777777778,
          0.5555555555555556,
          0.5833333333333334
        ],
        "state_probe_mean": 0.7065972222222221,
        "state_probe_std": 0.015638772589716705,
        "state_probe_bas": [
          0.6944444444444444,
          0.6805555555555556,
          0.6944444444444444,
          0.7222222222222222,
          0.7083333333333333,
          0.7222222222222222,
          0.7083333333333333,
          0.7222222222222222
        ]
      },
      "both_removed": {
        "subject_probe_mean": 0.4965277777777778,
        "subject_probe_std": 0.05442804255692542,
        "subject_probe_bas": [
          0.4166666666666667,
          0.4722222222222222,
          0.5555555555555556,
          0.5555555555555556,
          0.5,
          0.4722222222222222,
          0.4444444444444444,
          0.5555555555555556
        ],
        "state_probe_mean": 0.7048611111111112,
        "state_probe_std": 0.0231811933443411,
        "state_probe_bas": [
          0.7361111111111112,
          0.7083333333333334,
          0.6666666666666667,
          0.7222222222222222,
          0.7222222222222222,
          0.6805555555555556,
          0.6944444444444444,
          0.7083333333333333
        ]
      }
    },
    "cbramod": {
      "original": {
        "subject_probe_mean": 0.5069444444444444,
        "subject_probe_std": 0.046362386688682256,
        "subject_probe_bas": [
          0.5,
          0.5555555555555556,
          0.5277777777777778,
          0.5,
          0.4722222222222222,
          0.4444444444444444,
          0.5833333333333334,
          0.4722222222222222
        ],
        "state_probe_mean": 0.7065972222222222,
        "state_probe_std": 0.02280667446939018,
        "state_probe_bas": [
          0.6944444444444444,
          0.6805555555555556,
          0.75,
          0.6944444444444444,
          0.6944444444444444,
          0.7222222222222222,
          0.6944444444444444,
          0.7222222222222222
        ]
      },
      "aperiodic_removed": {
        "subject_probe_mean": 0.36458333333333337,
        "subject_probe_std": 0.05833805725392522,
        "subject_probe_bas": [
          0.4166666666666667,
          0.3055555555555556,
          0.3333333333333333,
          0.3333333333333333,
          0.4722222222222222,
          0.3888888888888889,
          0.3055555555555556,
          0.3611111111111111
        ],
        "state_probe_mean": 0.6961805555555556,
        "state_probe_std": 0.02156454872944855,
        "state_probe_bas": [
          0.6805555555555556,
          0.6944444444444444,
          0.7083333333333333,
          0.7361111111111112,
          0.7083333333333333,
          0.6805555555555556,
          0.6944444444444444,
          0.6666666666666667
        ]
      },
      "periodic_removed": {
        "subject_probe_mean": 0.5069444444444444,
        "subject_probe_std": 0.05301741752336267,
        "subject_probe_bas": [
          0.5,
          0.5833333333333334,
          0.5277777777777778,
          0.4722222222222222,
          0.4722222222222222,
          0.4444444444444444,
          0.5833333333333334,
          0.4722222222222222
        ],
        "state_probe_mean": 0.704861111111111,
        "state_probe_std": 0.023181193344341107,
        "state_probe_bas": [
          0.6944444444444444,
          0.6805555555555556,
          0.75,
          0.7083333333333333,
          0.6944444444444444,
          0.7083333333333333,
          0.6805555555555556,
          0.7222222222222222
        ]
      },
      "both_removed": {
        "subject_probe_mean": 0.3576388888888889,
        "subject_probe_std": 0.06200198409523707,
        "subject_probe_bas": [
          0.4166666666666667,
          0.3055555555555556,
          0.3055555555555556,
          0.3333333333333333,
          0.4722222222222222,
          0.3888888888888889,
          0.3055555555555556,
          0.3333333333333333
        ],
        "state_probe_mean": 0.6996527777777778,
        "state_probe_std": 0.018089863619851654,
        "state_probe_bas": [
          0.6944444444444444,
          0.6805555555555556,
          0.7083333333333333,
          0.7361111111111112,
          0.7083333333333333,
          0.6944444444444444,
          0.6944444444444444,
          0.6805555555555556
        ]
      }
    },
    "reve": {
      "original": {
        "subject_probe_mean": 0.4652777777777778,
        "subject_probe_std": 0.07081971546656646,
        "subject_probe_bas": [
          0.5,
          0.5555555555555556,
          0.4166666666666667,
          0.4166666666666667,
          0.5277777777777778,
          0.4166666666666667,
          0.3611111111111111,
          0.5277777777777778
        ],
        "state_probe_mean": 0.7118055555555556,
        "state_probe_std": 0.029462782549439497,
        "state_probe_bas": [
          0.7083333333333333,
          0.7361111111111112,
          0.7222222222222223,
          0.75,
          0.7083333333333334,
          0.6944444444444444,
          0.6527777777777778,
          0.7222222222222223
        ]
      },
      "aperiodic_removed": {
        "subject_probe_mean": 0.2048611111111111,
        "subject_probe_std": 0.03617972723970331,
        "subject_probe_bas": [
          0.25,
          0.2222222222222222,
          0.25,
          0.19444444444444445,
          0.19444444444444445,
          0.19444444444444445,
          0.1388888888888889,
          0.19444444444444445
        ],
        "state_probe_mean": 0.6927083333333333,
        "state_probe_std": 0.017311436871641977,