epoch,train_loss,val_win_bal_acc,val_bal_acc,lr
1,0.17487236769760356,0.5,0.5,1e-05
2,0.17349144947879455,0.5,0.5,1.0000000000000001e-07
