epoch,train_loss,val_win_bal_acc,val_bal_acc,lr
1,0.17366608465090394,0.5,0.5,1e-05
2,0.17302126279100777,0.5010751968940971,0.5,1.0000000000000001e-07
