epoch,train_loss,val_win_bal_acc,val_bal_acc,lr
1,0.28126991962093906,0.5648024815254082,0.8333333333333333,9.999999999999999e-06
2,0.19559677501758896,0.5882583705866253,0.625,1.9999999999999998e-05
3,0.1615548270294465,0.6493385639996351,0.7916666666666667,3e-05
4,0.132698230535151,0.5538363288021166,0.4166666666666667,2.99665031793473e-05
5,0.09802760515945504,0.5207189125079829,0.375,2.9866162322321703e-05
6,0.05975161721727934,0.47157193686707416,0.4166666666666667,2.9699425575548802e-05
7,0.027053709456091184,0.46413648389745465,0.4166666666666667,2.946703762581565e-05
8,0.010167935823864606,0.44605419213575404,0.4166666666666667,2.917003637411878e-05
9,0.0038416072619652532,0.44824377337834137,0.4166666666666667,2.880974830014643e-05
10,0.001829833746046187,0.44605419213575404,0.4166666666666667,2.838778253789822e-05
11,0.0010264195278791867,0.4444211294589909,0.4166666666666667,2.790602368890209e-05
12,0.0006681055150342634,0.4533984125535991,0.4166666666666667,2.7366623405126405e-05
13,0.0004867693492252077,0.4498768360551045,0.4166666666666667,2.6771990779179916e-05
14,0.000350276779324512,0.450907763890156,0.4166666666666667,2.6124781584719365e-05
15,0.0002712287486170374,0.4529696195602591,0.4166666666666667,2.5427886415119635e-05
16,0.00021961859444223614,0.44781498038500134,0.4166666666666667,2.4684417773382037e-05
