epoch,train_loss,val_win_bal_acc,val_bal_acc,lr
1,0.5582880876314493,0.6177155498631892,0.8461538461538461,9.999999999999999e-06
2,0.22296131926554222,0.5597164813413286,0.46153846153846156,1.9999999999999998e-05
3,0.17171531584527758,0.5960150200849974,0.6282051282051282,3e-05
4,0.1389660323843544,0.5964225417709728,0.6282051282051282,2.99665031793473e-05
5,0.10497351653046078,0.550605460790592,0.46153846153846156,2.9866162322321703e-05
6,0.06394700069026446,0.5039296734004773,0.46153846153846156,2.9699425575548802e-05
7,0.030959103233468385,0.5220789427723118,0.46153846153846156,2.946703762581565e-05
8,0.01098723201667545,0.520783605984747,0.46153846153846156,2.917003637411878e-05
9,0.003391060693603423,0.526401583512837,0.46153846153846156,2.880974830014643e-05
10,0.0014230029245717796,0.5251062467252722,0.46153846153846156,2.838778253789822e-05
11,0.0007474823640357634,0.5251062467252722,0.46153846153846156,2.790602368890209e-05
12,0.0004813732636120906,0.5194882691971823,0.46153846153846156,2.7366623405126405e-05
13,0.0003399760145255663,0.5251062467252722,0.46153846153846156,2.6771990779179916e-05
14,0.0002581088993332584,0.5251062467252722,0.46153846153846156,2.6124781584719365e-05
15,0.00020239604575944675,0.5194882691971823,0.46153846153846156,2.5427886415119635e-05
16,0.0001630359221940406,0.5194882691971823,0.46153846153846156,2.4684417773382037e-05
