{
  "labram_eegmat": {
    "cell": "eegmat",
    "model": "labram",
    "unit": "window",
    "frozen": {
      "label_design": "within_subject",
      "n_windows": 1707,
      "n_recordings": 72,
      "n_subjects": 36,
      "n_feat_dims": 200,
      "dropped_mixed_subjects": [],
      "label_frac": 0.012619411634629606,
      "subject_frac": 0.21164995655952523,
      "residual_frac": 0.7757306318058451,
      "label_subject_ratio": 0.05962397460299254,
      "SS_total": 17296.530954784244,
      "SS_label": 218.27204396953542,
      "SS_subject": 3660.8100252105687
    },
    "ft_seed": 42,
    "elapsed_sec": 0.03,
    "ft": {
      "label_design": "within_subject",
      "n_windows": 1707,
      "n_recordings": 72,
      "n_subjects": 36,
      "n_feat_dims": 200,
      "dropped_mixed_subjects": [],
      "label_frac": 0.03253855402727667,
      "subject_frac": 0.5974942657420761,
      "residual_frac": 0.36996718023064723,
      "label_subject_ratio": 0.05445835364941022,
      "SS_total": 288762.850323104,
      "SS_label": 9395.925606308727,
      "SS_subject": 172534.14722739204
    },
    "delta_label_frac": 0.019919142392647065,
    "delta_subject_frac": 0.38584430918255086
  },
  "cbramod_eegmat": {
    "cell": "eegmat",
    "model": "cbramod",
    "unit": "window",
    "frozen": {
      "label_design": "within_subject",
      "n_windows": 1707,
      "n_recordings": 72,
      "n_subjects": 36,
      "n_feat_dims": 200,
      "dropped_mixed_subjects": [],
      "label_frac": 0.010531307642833132,
      "subject_frac": 0.2955809523462988,
      "residual_frac": 0.6938877400108681,
      "label_subject_ratio": 0.03562918232462689,
      "SS_total": 69.71948995048147,
      "SS_label": 0.7342373973699333,
      "SS_subject": 20.60775323666152
    },
    "ft_seed": 42,
    "elapsed_sec": 0.03,
    "ft": {
      "label_design": "within_subject",
      "n_windows": 1707,
      "n_recordings": 72,
      "n_subjects": 36,
      "n_feat_dims": 200,
      "dropped_mixed_subjects": [],
      "label_frac": 0.022867454123200546,
      "subject_frac": 0.5853095477323372,
      "residual_frac": 0.3918229981444622,
      "label_subject_ratio": 0.039068992145772856,
      "SS_total": 32071.121456861485,
      "SS_label": 733.3848985943727,
      "SS_subject": 18771.533595184454
    },
    "delta_label_frac": 0.012336146480367413,
    "delta_subject_frac": 0.28972859538603846
  },
  "reve_eegmat": {
    "cell": "eegmat",
    "model": "reve",
    "unit": "window",
    "frozen": {
      "label_design": "within_subject",
      "n_windows": 1707,
      "n_recordings": 72,
      "n_subjects": 36,
      "n_feat_dims": 512,
      "dropped_mixed_subjects": [],
      "label_frac": 0.003907301592706206,
      "subject_frac": 0.16206087373744732,
      "residual_frac": 0.8340318246698464,
      "label_subject_ratio": 0.02411008593620428,
      "SS_total": 6491640.205756012,
      "SS_label": 25364.796115226112,
      "SS_subject": 1052040.8837339617
    },
    "ft_seed": 42,
    "elapsed_sec": 0.04,
    "ft": {
      "label_design": "within_subject",
      "n_windows": 853,
      "n_recordings": 72,
      "n_subjects": 36,
      "n_feat_dims": 512,
      "dropped_mixed_subjects": [],
      "label_frac": 0.006454102913748534,
      "subject_frac": 0.319845776257327,
      "residual_frac": 0.6737001208289245,
      "label_subject_ratio": 0.020178796760336095,
      "SS_total": 3281820.8225888843,
      "SS_label": 21181.20933347153,
      "SS_subject": 1049676.5285384012
    },
    "delta_label_frac": 0.0025468013210423277,
    "delta_subject_frac": 0.1577849025198797
  },
  "labram_sleepdep": {
    "cell": "sleepdep",
    "model": "labram",
    "unit": "window",
    "frozen": {
      "label_design": "within_subject",
      "n_windows": 4320,
      "n_recordings": 72,
      "n_subjects": 36,
      "n_feat_dims": 200,
      "dropped_mixed_subjects": [],
      "label_frac": 0.0029780575963651527,
      "subject_frac": 0.2518425095490722,
      "residual_frac": 0.7451794328545627,
      "label_subject_ratio": 0.011825079100813478,
      "SS_total": 28681.902370077314,
      "SS_label": 85.41635723141242,
      "SS_subject": 7223.322271521753
    },
    "ft_seed": 42,
    "elapsed_sec": 0.07,
    "ft": {
      "label_design": "within_subject",
      "n_windows": 4320,
      "n_recordings": 72,
      "n_subjects": 36,
      "n_feat_dims": 200,
      "dropped_mixed_subjects": [],
      "label_frac": 0.0031300517599247377,
      "subject_frac": 0.40891835389302833,
      "residual_frac": 0.5879515943470469,
      "label_subject_ratio": 0.007654466301465032,
      "SS_total": 683064.8223514828,
      "SS_label": 2138.028249343937,
      "SS_subject": 279317.7427582022
    },
    "delta_label_frac": 0.00015199416355958506,
    "delta_subject_frac": 0.1570758443439561
  },
  "cbramod_sleepdep": {
    "cell": "sleepdep",
    "model": "cbramod",
    "unit": "window",
    "frozen": {
      "label_design": "within_subject",
      "n_windows": 4320,
      "n_recordings": 72,
      "n_subjects": 36,
      "n_feat_dims": 200,
      "dropped_mixed_subjects": [],
      "label_frac": 0.008096700794669176,
      "subject_frac": 0.3248654186686741,
      "residual_frac": 0.6670378805366568,
      "label_subject_ratio": 0.02492324614866716,
      "SS_total": 992.0199474796658,
      "SS_label": 8.032088697086284,
      "SS_subject": 322.2729755656577
    },
    "ft_seed": 42,
    "elapsed_sec": 0.21,
    "ft": {
      "label_design": "within_subject",
      "n_windows": 4320,
      "n_recordings": 72,
      "n_subjects": 36,
      "n_feat_dims": 200,
      "dropped_mixed_subjects": [],
      "label_frac": 0.005993144684144064,
      "subject_frac": 0.5208476016188984,
      "residual_frac": 0.47315925369695755,
      "label_subject_ratio": 0.011506522571124783,
      "SS_total": 55473.12254149352,
      "SS_label": 332.45844947242415,
      "SS_subject": 28893.04283004815
    },
    "delta_label_frac": -0.002103556110525112,
    "delta_subject_frac": 0.19598218295022435
  },
  "reve_sleepdep": {
    "cell": "sleepdep",
    "model": "reve",
    "unit": "window",
    "frozen": {
      "label_design": "within_subject",
      "n_windows": 4320,
      "n_recordings": 72,
      "n_subjects": 36,
      "n_feat_dims": 512,
      "dropped_mixed_subjects": [],
      "label_frac": 0.0018212365454062993,
      "subject_frac": 0.014560612511852427,
      "residual_frac": 0.9836181509427412,
      "label_subject_ratio": 0.12507966570251092,
      "SS_total": 2651049106.271669,
      "SS_label": 4828187.516008671,
      "SS_subject": 38600898.78631446
    },
    "ft_seed": 42,
    "elapsed_sec": 0.1,
    "ft": {
      "label_design": "within_subject",
      "n_windows": 2160,
      "n_recordings": 72,
      "n_subjects": 36,
      "n_feat_dims": 512,
      "dropped_mixed_subjects": [],
      "label_frac": 0.005819596168045907,
      "subject_frac": 0.21866487047591893,
      "residual_frac": 0.7755155333560351,
      "label_subject_ratio": 0.026614225482948832,
      "SS_total": 963604062.765521,
      "SS_label": 5607786.511183694,
      "SS_subject": 210706357.57469192
    },
    "delta_label_frac": 0.003998359622639607,
    "delta_subject_frac": 0.2041042579640665
  },
  "labram_stress": {
    "cell": "stress",
    "model": "labram",
    "unit": "window",
    "frozen": {
      "label_design": "between_subject",
      "n_windows": 4421,
      "n_recordings": 55,
      "n_subjects": 14,
      "n_feat_dims": 200,
      "dropped_mixed_subjects": [
        3,
        11,
        17
      ],
      "label_frac": 0.026224150099714905,
      "subject_frac": 0.15914992328156177,
      "residual_frac": 0.8146259266187234,
      "label_subject_ratio": 0.16477639171286418,
      "SS_total": 43972.11828367305,
      "SS_label": 1153.1314300734603,
      "SS_subject": 6998.159251374325
    },
    "ft_seed": 42,
    "elapsed_sec": 0.07,
    "ft": {
      "label_design": "between_subject",
      "n_windows": 4421,