epoch,train_loss,val_loss,val_bal_acc,lr
1,0.1770838613808155,0.0,0.6401515151515151,3.3333333333333333e-06
2,0.17223343908786773,0.0,0.5492424242424242,6.666666666666667e-06
