epoch,train_loss,val_loss,val_bal_acc,lr
1,0.08867677009623984,0.0,0.5833333333333333,3.3333333333333333e-06
2,0.08475197268568951,0.0,0.65,6.666666666666667e-06
