{
  "provenance": {
    "raw_dir": "results/studies/exp33_temporal_block_probe/eegmat_probes.json",
    "snapshot_date": "2026-04-25",
    "commit": "e47a8b0",
    "script": "scripts/analysis/rebuild_final_snapshots.py",
    "notes": "Temporal-block subject-ID probe (uniform across 4 cells)."
  },
  "dataset": "eegmat",
  "protocol": "temporal_block_5fold",
  "seeds": [
    42
  ],
  "results": {
    "labram": {
      "original": {
        "subject_probe_mean": 0.6817901234567901,
        "subject_probe_std": 0.0,
        "subject_probe_bas": [
          0.6817901234567901
        ],
        "n_subjects": 36,
        "chance_rate": 0.027777777777777776,
        "n_windows": 1707,
        "feature_dim": 200
      },
      "aperiodic_removed": {
        "subject_probe_mean": 0.5372839506172837,
        "subject_probe_std": 0.0,
        "subject_probe_bas": [
          0.5372839506172837
        ],
        "n_subjects": 36,
        "chance_rate": 0.027777777777777776,
        "n_windows": 1707,
        "feature_dim": 200
      },
      "periodic_removed": {
        "subject_probe_mean": 0.6839506172839506,
        "subject_probe_std": 0.0,
        "subject_probe_bas": [
          0.6839506172839506
        ],
        "n_subjects": 36,
        "chance_rate": 0.027777777777777776,
        "n_windows": 1707,
        "feature_dim": 200
      },
      "both_removed": {
        "subject_probe_mean": 0.5293827160493827,
        "subject_probe_std": 0.0,
        "subject_probe_bas": [
          0.5293827160493827
        ],
        "n_subjects": 36,
        "chance_rate": 0.027777777777777776,
        "n_windows": 1707,
        "feature_dim": 200
      }
    },
    "cbramod": {
      "original": {
        "subject_probe_mean": 0.693395061728395,
        "subject_probe_std": 0.0,
        "subject_probe_bas": [
          0.693395061728395
        ],
        "n_subjects": 36,
        "chance_rate": 0.027777777777777776,
        "n_windows": 1707,
        "feature_dim": 200
      },
      "aperiodic_removed": {
        "subject_probe_mean": 0.5039506172839505,
        "subject_probe_std": 0.0,
        "subject_probe_bas": [
          0.5039506172839505
        ],
        "n_subjects": 36,
        "chance_rate": 0.027777777777777776,
        "n_windows": 1707,
        "feature_dim": 200
      },
      "periodic_removed": {
        "subject_probe_mean": 0.6910493827160493,
        "subject_probe_std": 0.0,
        "subject_probe_bas": [
          0.6910493827160493
        ],
        "n_subjects": 36,
        "chance_rate": 0.027777777777777776,
        "n_windows": 1707,
        "feature_dim": 200
      },
      "both_removed": {
        "subject_probe_mean": 0.5035802469135803,
        "subject_probe_std": 0.0,
        "subject_probe_bas": [
          0.5035802469135803
        ],
        "n_subjects": 36,
        "chance_rate": 0.027777777777777776,
        "n_windows": 1707,
        "feature_dim": 200
      }
    },
    "reve": {
      "original": {
        "subject_probe_mean": 0.5710493827160494,
        "subject_probe_std": 0.0,
        "subject_probe_bas": [
          0.5710493827160494
        ],
        "n_subjects": 36,
        "chance_rate": 0.027777777777777776,
        "n_windows": 1707,
        "feature_dim": 512
      },
      "aperiodic_removed": {
        "subject_probe_mean": 0.3432716049382715,
        "subject_probe_std": 0.0,
        "subject_probe_bas": [
          0.3432716049382715
        ],
        "n_subjects": 36,
        "chance_rate": 0.027777777777777776,
        "n_windows": 1707,
        "feature_dim": 512
      },
      "periodic_removed": {
        "subject_probe_mean": 0.5660493827160494,
        "subject_probe_std": 0.0,
        "subject_probe_bas": [
          0.5660493827160494
        ],
        "n_subjects": 36,
        "chance_rate": 0.027777777777777776,
        "n_windows": 1707,
        "feature_dim": 512
      },
      "both_removed": {
        "subject_probe_mean": 0.3420987654320987,
        "subject_probe_std": 0.0,
        "subject_probe_bas": [
          0.3420987654320987
        ],
        "n_subjects": 36,
        "chance_rate": 0.027777777777777776,
        "n_windows": 1707,
        "feature_dim": 512
      }
    }
  }
}