epoch,train_loss,val_win_bal_acc,val_bal_acc,lr
1,0.28813197472122276,0.523248068212097,0.75,9.999999999999999e-06
2,0.19012504297026087,0.41959765520916603,0.35,1.9999999999999998e-05
3,0.14341242519322406,0.37190247801758597,0.4,3e-05
4,0.10804178281111664,0.4327204902744471,0.45,2.99665031793473e-05
5,0.0724366172897012,0.4888755662136957,0.5,2.9866162322321703e-05
6,0.04271438960613829,0.49606981081801227,0.5,2.9699425575548802e-05
7,0.021660158625186495,0.4900746069810818,0.5,2.946703762581565e-05
8,0.008618210133667408,0.4912736477484679,0.5,2.917003637411878e-05
9,0.0037262649170719505,0.4832134292565947,0.5,2.880974830014643e-05
10,0.001845733985289136,0.47961630695443647,0.5,2.838778253789822e-05
11,0.0010642887592143013,0.4844124700239808,0.5,2.790602368890209e-05
12,0.0006668704680920568,0.48201438848920863,0.5,2.7366623405126405e-05
13,0.0004480251510777338,0.48201438848920863,0.5,2.6771990779179916e-05
14,0.00033713941499290026,0.48201438848920863,0.5,2.6124781584719365e-05
15,0.0002549801089791411,0.48201438848920863,0.5,2.5427886415119635e-05
16,0.00020469177583477125,0.48201438848920863,0.5,2.4684417773382037e-05
