epoch,train_loss,val_win_bal_acc,val_bal_acc,lr
1,0.5143900557475931,0.5777124648695722,0.7211538461538461,9.999999999999999e-06
2,0.19706309411455603,0.5423247436963148,0.4230769230769231,1.9999999999999998e-05
3,0.15503379842814277,0.46208882555515973,0.4519230769230769,3e-05
4,0.12009763726416756,0.4170625024739738,0.3942307692307692,2.99665031793473e-05
5,0.07837219124331193,0.4254443256937023,0.3076923076923077,2.9866162322321703e-05
6,0.03877123493482085,0.4119562205597118,0.4326923076923077,2.9699425575548802e-05
7,0.017188618052750827,0.40571191069944185,0.2692307692307692,2.946703762581565e-05
8,0.006324748826377532,0.4100166251039069,0.34615384615384615,2.917003637411878e-05
9,0.0028392917380723006,0.4053655543680481,0.38461538461538464,2.880974830014643e-05
10,0.0016216413686325883,0.4006056287851799,0.34615384615384615,2.838778253789822e-05
11,0.001027907428900054,0.40162490598899575,0.34615384615384615,2.790602368890209e-05
12,0.0007155602883465369,0.4061572259826624,0.38461538461538464,2.7366623405126405e-05
13,0.0005305465781609254,0.4068400427502672,0.38461538461538464,2.6771990779179916e-05
14,0.00040602759451276676,0.4043462771642323,0.34615384615384615,2.6124781584719365e-05
15,0.00032375853907604536,0.4006056287851799,0.34615384615384615,2.5427886415119635e-05
16,0.00026408928645062533,0.39414360923089103,0.34615384615384615,2.4684417773382037e-05
