{
  "provenance": {
    "raw_dir": "results/studies/fooof_ablation/stress_probes.json",
    "snapshot_date": "2026-04-25",
    "commit": "e47a8b0",
    "script": "scripts/analysis/rebuild_final_snapshots.py",
    "notes": "FOOOF {aperiodic,periodic,both}_removed \u2192 re-extract \u2192 state probe."
  },
  "dataset": "stress",
  "results": {
    "labram": {
      "original": {
        "subject_probe_mean": 0.5694444444444444,
        "subject_probe_std": 0.04742021982949093,
        "subject_probe_bas": [
          0.6222222222222221,
          0.5666666666666667,
          0.5888888888888888,
          0.5444444444444444,
          0.46666666666666673,
          0.6,
          0.5888888888888888,
          0.5777777777777778
        ],
        "state_probe_mean": 0.5178571428571429,
        "state_probe_std": 0.017207573422489863,
        "state_probe_bas": [
          0.5178571428571428,
          0.5178571428571428,
          0.5,
          0.5535714285714286,
          0.5,
          0.5267857142857143,
          0.5089285714285714,
          0.5178571428571428
        ]
      },
      "aperiodic_removed": {
        "subject_probe_mean": 0.5444444444444445,
        "subject_probe_std": 0.03028378417196653,
        "subject_probe_bas": [
          0.5333333333333333,
          0.5888888888888888,
          0.5333333333333333,
          0.5333333333333333,
          0.49999999999999994,
          0.5222222222222223,
          0.5666666666666667,
          0.5777777777777778
        ],
        "state_probe_mean": 0.4575892857142857,
        "state_probe_std": 0.03563447715484437,
        "state_probe_bas": [
          0.4642857142857143,
          0.4196428571428571,
          0.44642857142857145,
          0.5357142857142857,
          0.4375,
          0.44642857142857145,
          0.4375,
          0.4732142857142857
        ]
      },
      "periodic_removed": {
        "subject_probe_mean": 0.5666666666666667,
        "subject_probe_std": 0.041147559989891155,
        "subject_probe_bas": [
          0.6222222222222221,
          0.5666666666666667,
          0.5444444444444445,
          0.5444444444444444,
          0.4888888888888889,
          0.6,
          0.5888888888888888,
          0.5777777777777778
        ],
        "state_probe_mean": 0.5145089285714286,
        "state_probe_std": 0.017817238577422193,
        "state_probe_bas": [
          0.5178571428571428,
          0.5178571428571428,
          0.5,
          0.5535714285714286,
          0.5,
          0.5,
          0.5089285714285714,
          0.5178571428571428
        ]
      },
      "both_removed": {
        "subject_probe_mean": 0.55,
        "subject_probe_std": 0.03802904301812994,
        "subject_probe_bas": [
          0.5333333333333333,
          0.5888888888888888,
          0.5111111111111112,
          0.6,
          0.5222222222222223,
          0.5,
          0.5666666666666667,
          0.5777777777777778
        ],
        "state_probe_mean": 0.4609375,
        "state_probe_std": 0.04186171246039296,
        "state_probe_bas": [
          0.4642857142857143,
          0.4196428571428571,
          0.44642857142857145,
          0.5535714285714286,
          0.4375,
          0.44642857142857145,
          0.4375,
          0.48214285714285715
        ]
      }
    },
    "cbramod": {
      "original": {
        "subject_probe_mean": 0.5694444444444444,
        "subject_probe_std": 0.05563486402641868,
        "subject_probe_bas": [
          0.6111111111111112,
          0.6777777777777777,
          0.5555555555555555,
          0.5555555555555555,
          0.4888888888888889,
          0.5444444444444444,
          0.5777777777777777,
          0.5444444444444444
        ],
        "state_probe_mean": 0.4330357142857143,
        "state_probe_std": 0.02941980253742549,
        "state_probe_bas": [
          0.4464285714285714,
          0.45535714285714285,
          0.41964285714285715,
          0.375,
          0.4375,
          0.41964285714285715,
          0.4732142857142857,
          0.4375
        ]
      },
      "aperiodic_removed": {
        "subject_probe_mean": 0.4833333333333333,
        "subject_probe_std": 0.05345224838248487,
        "subject_probe_bas": [
          0.3888888888888889,
          0.5333333333333333,
          0.5222222222222223,
          0.5111111111111111,
          0.45555555555555555,
          0.4666666666666667,
          0.5444444444444444,
          0.4444444444444444
        ],
        "state_probe_mean": 0.4821428571428571,
        "state_probe_std": 0.04105478811079357,
        "state_probe_bas": [
          0.4642857142857143,
          0.4732142857142857,
          0.45535714285714285,
          0.5714285714285714,
          0.45535714285714285,
          0.48214285714285715,
          0.4464285714285714,
          0.5089285714285714
        ]
      },
      "periodic_removed": {
        "subject_probe_mean": 0.5694444444444444,
        "subject_probe_std": 0.05563486402641868,
        "subject_probe_bas": [
          0.6111111111111112,
          0.6777777777777777,
          0.5555555555555555,
          0.5555555555555555,
          0.4888888888888889,
          0.5444444444444444,
          0.5777777777777777,
          0.5444444444444444
        ],
        "state_probe_mean": 0.4341517857142857,
        "state_probe_std": 0.0290055900287419,
        "state_probe_bas": [
          0.4464285714285714,
          0.45535714285714285,
          0.41964285714285715,
          0.375,
          0.4375,
          0.42857142857142855,
          0.4732142857142857,
          0.4375
        ]
      },
      "both_removed": {
        "subject_probe_mean": 0.4833333333333333,
        "subject_probe_std": 0.05074402337506596,
        "subject_probe_bas": [
          0.3888888888888889,
          0.5333333333333333,
          0.5,
          0.5111111111111111,
          0.47777777777777775,
          0.4666666666666667,
          0.5444444444444444,
          0.4444444444444444
        ],
        "state_probe_mean": 0.4877232142857143,
        "state_probe_std": 0.038161530197651124,
        "state_probe_bas": [
          0.4732142857142857,
          0.4732142857142857,
          0.45535714285714285,
          0.5714285714285714,
          0.45535714285714285,
          0.4732142857142857,
          0.4910714285714286,
          0.5089285714285714
        ]
      }
    },
    "reve": {
      "original": {
        "subject_probe_mean": 0.5652777777777778,
        "subject_probe_std": 0.07730867605448989,
        "subject_probe_bas": [
          0.5888888888888888,
          0.41111111111111104,
          0.6,
          0.6,
          0.5444444444444445,
          0.5777777777777778,
          0.6777777777777777,
          0.5222222222222223
        ],
        "state_probe_mean": 0.4486607142857143,
        "state_probe_std": 0.026464915715875545,
        "state_probe_bas": [
          0.42857142857142855,
          0.46428571428571425,
          0.4375,
          0.42857142857142855,
          0.41964285714285715,
          0.4464285714285714,
          0.5,
          0.46428571428571425
        ]
      },
      "aperiodic_removed": {
        "subject_probe_mean": 0.5694444444444444,
        "subject_probe_std": 0.05467557031634865,
        "subject_probe_bas": [
          0.5222222222222223,
          0.5666666666666667,
          0.6555555555555554,
          0.5,
          0.5777777777777778,
          0.6333333333333333,
          0.5777777777777777,
          0.5222222222222223
        ],
        "state_probe_mean": 0.39732142857142855,
        "state_probe_std": 0.029419802537425495,
        "state_probe_bas": [
          0.3482142857142857,
          0.39285714285714285,
          0.39285714285714285,
          0.42857142857142855,
          0.3839285714285714,
          0.39285714285714285,
          0.39285714285714285,
          0.4464285714285714
        ]
      },