{
  "fm": "cbramod",
  "seed": 41,
  "mode": "ft",
  "best_epoch": 15,
  "recipe": {
    "lr": 0.0001,
    "weight_decay": 0.05,
    "layer_decay": 1.0,
    "label_smoothing": 0.1,
    "head_hidden": 0,
    "drop_path": 0.1,
    "encoder_lr_scale": 0.2,
    "norm": "none",
    "warmup_epochs": 0,
    "optimizer_betas": [
      0.9,
      0.999
    ]
  },
  "test_sample": {
    "acc": 0.5680345572354212,
    "bal_acc": 0.5442075666995837,
    "f1": 0.5222553352999052,
    "auroc": 0.6622759487280905
  },
  "test_subject": {
    "acc": 0.6666666666666666,
    "bal_acc": 0.6666666666666666,
    "f1": 0.6428571428571428,
    "auroc": 0.7087301587301588
  },
  "n_train_rec": 70,
  "n_val_rec": 9,
  "n_test_rec": 9
}