{
  "fm": "cbramod",
  "seed": 43,
  "mode": "frozen",
  "best_epoch": 14,
  "recipe": {
    "lr": 0.0001,
    "weight_decay": 0.05,
    "layer_decay": 1.0,
    "label_smoothing": 0.1,
    "head_hidden": 0,
    "drop_path": 0.1,
    "encoder_lr_scale": 0.2,
    "norm": "none",
    "warmup_epochs": 0,
    "optimizer_betas": [
      0.9,
      0.999
    ]
  },
  "test_sample": {
    "acc": 0.4671480144404332,
    "bal_acc": 0.3320393045337678,
    "f1": 0.22256005330668002,
    "auroc": 0.45928810551916727
  },
  "test_subject": {
    "acc": 0.4444444444444444,
    "bal_acc": 0.3333333333333333,
    "f1": 0.20512820512820515,
    "auroc": 0.482010582010582
  },
  "n_train_rec": 70,
  "n_val_rec": 9,
  "n_test_rec": 9
}