{
  "fm": "cbramod",
  "seed": 42,
  "mode": "frozen",
  "best_epoch": 1,
  "recipe": {
    "lr": 0.0001,
    "weight_decay": 0.05,
    "layer_decay": 1.0,
    "label_smoothing": 0.1,
    "head_hidden": 0,
    "drop_path": 0.1,
    "encoder_lr_scale": 0.2,
    "norm": "none",
    "warmup_epochs": 0,
    "optimizer_betas": [
      0.9,
      0.999
    ]
  },
  "test_sample": {
    "acc": 0.4453846153846154,
    "bal_acc": 0.335027430481976,
    "f1": 0.2501670134339236,
    "auroc": 0.5827552323043512
  },
  "test_subject": {
    "acc": 0.4444444444444444,
    "bal_acc": 0.3333333333333333,
    "f1": 0.20512820512820515,
    "auroc": 0.6224867724867725
  },
  "n_train_rec": 70,
  "n_val_rec": 9,
  "n_test_rec": 9
}