{
  "fm": "cbramod",
  "seed": 42,
  "mode": "ft",
  "best_epoch": 22,
  "recipe": {
    "lr": 0.0001,
    "weight_decay": 0.05,
    "layer_decay": 1.0,
    "label_smoothing": 0.1,
    "head_hidden": 0,
    "drop_path": 0.1,
    "encoder_lr_scale": 0.2,
    "norm": "none",
    "warmup_epochs": 0,
    "optimizer_betas": [
      0.9,
      0.999
    ]
  },
  "test_sample": {
    "acc": 0.5769230769230769,
    "bal_acc": 0.6013590786318058,
    "f1": 0.5653144791838517,
    "auroc": 0.75092075465434
  },
  "test_subject": {
    "acc": 0.6666666666666666,
    "bal_acc": 0.6944444444444443,
    "f1": 0.6555555555555556,
    "auroc": 0.8857142857142858
  },
  "n_train_rec": 70,
  "n_val_rec": 9,
  "n_test_rec": 9
}