{
  "fm": "cbramod",
  "seed": 43,
  "mode": "ft",
  "best_epoch": 39,
  "recipe": {
    "lr": 0.0001,
    "weight_decay": 0.05,
    "layer_decay": 1.0,
    "label_smoothing": 0.1,
    "head_hidden": 0,
    "drop_path": 0.1,
    "encoder_lr_scale": 0.2,
    "norm": "none",
    "warmup_epochs": 0,
    "optimizer_betas": [
      0.9,
      0.999
    ]
  },
  "test_sample": {
    "acc": 0.36967509025270756,
    "bal_acc": 0.37146977601393427,
    "f1": 0.3589878505384845,
    "auroc": 0.5374554806370129
  },
  "test_subject": {
    "acc": 0.3333333333333333,
    "bal_acc": 0.3611111111111111,
    "f1": 0.33968253968253964,
    "auroc": 0.5293650793650794
  },
  "n_train_rec": 70,
  "n_val_rec": 9,
  "n_test_rec": 9
}