{
  "fm": "labram",
  "seed": 42,
  "mode": "frozen",
  "best_epoch": 18,
  "recipe": {
    "lr": 0.0005,
    "weight_decay": 0.05,
    "layer_decay": 0.65,
    "label_smoothing": 0.1,
    "head_hidden": 0,
    "drop_path": 0.1,
    "encoder_lr_scale": 1.0,
    "norm": "zscore",
    "warmup_epochs": 5,
    "optimizer_betas": [
      0.9,
      0.999
    ]
  },
  "test_sample": {
    "acc": 0.5130769230769231,
    "bal_acc": 0.43667410031046394,
    "f1": 0.43053844287358983,
    "auroc": 0.6506700744940469
  },
  "test_subject": {
    "acc": 0.6666666666666666,
    "bal_acc": 0.5833333333333334,
    "f1": 0.5555555555555555,
    "auroc": 0.6761904761904761
  },
  "n_train_rec": 70,
  "n_val_rec": 9,
  "n_test_rec": 9
}