{
  "fm": "labram",
  "seed": 41,
  "mode": "ft",
  "best_epoch": 9,
  "recipe": {
    "lr": 0.0005,
    "weight_decay": 0.05,
    "layer_decay": 0.65,
    "label_smoothing": 0.1,
    "head_hidden": 0,
    "drop_path": 0.1,
    "encoder_lr_scale": 1.0,
    "norm": "zscore",
    "warmup_epochs": 5,
    "optimizer_betas": [
      0.9,
      0.999
    ]
  },
  "test_sample": {
    "acc": 0.673866090712743,
    "bal_acc": 0.6323401321254383,
    "f1": 0.6370473212337289,
    "auroc": 0.7928824179433103
  },
  "test_subject": {
    "acc": 0.8888888888888888,
    "bal_acc": 0.8333333333333334,
    "f1": 0.8518518518518517,
    "auroc": 0.8142857142857144
  },
  "n_train_rec": 70,
  "n_val_rec": 9,
  "n_test_rec": 9
}