{
  "fm": "labram",
  "seed": 43,
  "mode": "ft",
  "best_epoch": 17,
  "recipe": {
    "lr": 0.0005,
    "weight_decay": 0.05,
    "layer_decay": 0.65,
    "label_smoothing": 0.1,
    "head_hidden": 0,
    "drop_path": 0.1,
    "encoder_lr_scale": 1.0,
    "norm": "zscore",
    "warmup_epochs": 5,
    "optimizer_betas": [
      0.9,
      0.999
    ]
  },
  "test_sample": {
    "acc": 0.4223826714801444,
    "bal_acc": 0.3777739891945595,
    "f1": 0.3861293069712454,
    "auroc": 0.5706052490055894
  },
  "test_subject": {
    "acc": 0.3333333333333333,
    "bal_acc": 0.27777777777777773,
    "f1": 0.2814814814814815,
    "auroc": 0.553968253968254
  },
  "n_train_rec": 70,
  "n_val_rec": 9,
  "n_test_rec": 9
}