{
  "fm": "labram",
  "seed": 41,
  "mode": "frozen",
  "best_epoch": 44,
  "recipe": {
    "lr": 0.0005,
    "weight_decay": 0.05,
    "layer_decay": 0.65,
    "label_smoothing": 0.1,
    "head_hidden": 0,
    "drop_path": 0.1,
    "encoder_lr_scale": 1.0,
    "norm": "zscore",
    "warmup_epochs": 5,
    "optimizer_betas": [
      0.9,
      0.999
    ]
  },
  "test_sample": {
    "acc": 0.5176385889128869,
    "bal_acc": 0.4304678271390116,
    "f1": 0.41401519474535875,
    "auroc": 0.6334134080913438
  },
  "test_subject": {
    "acc": 0.5555555555555556,
    "bal_acc": 0.47222222222222215,
    "f1": 0.4222222222222222,
    "auroc": 0.6515873015873016
  },
  "n_train_rec": 70,
  "n_val_rec": 9,
  "n_test_rec": 9
}