{
  "fm": "reve",
  "seed": 42,
  "mode": "ft",
  "best_epoch": 2,
  "recipe": {
    "lr": 0.00024,
    "weight_decay": 0.01,
    "layer_decay": 1.0,
    "label_smoothing": 0.0,
    "head_hidden": 128,
    "drop_path": 0.0,
    "encoder_lr_scale": 0.1,
    "norm": "none",
    "warmup_epochs": 2,
    "optimizer_betas": [
      0.9,
      0.95
    ]
  },
  "test_sample": {
    "acc": 0.3984615384615385,
    "bal_acc": 0.3709766664312119,
    "f1": 0.3684727243889276,
    "auroc": 0.565789697009467
  },
  "test_subject": {
    "acc": 0.5555555555555556,
    "bal_acc": 0.4444444444444444,
    "f1": 0.3757575757575758,
    "auroc": 0.8010582010582011
  },
  "n_train_rec": 70,
  "n_val_rec": 9,
  "n_test_rec": 9
}