{
  "fm": "reve",
  "seed": 41,
  "mode": "frozen",
  "best_epoch": 1,
  "recipe": {
    "lr": 0.00024,
    "weight_decay": 0.01,
    "layer_decay": 1.0,
    "label_smoothing": 0.0,
    "head_hidden": 128,
    "drop_path": 0.0,
    "encoder_lr_scale": 0.1,
    "norm": "none",
    "warmup_epochs": 2,
    "optimizer_betas": [
      0.9,
      0.95
    ]
  },
  "test_sample": {
    "acc": 0.38372930165586755,
    "bal_acc": 0.34938377649369473,
    "f1": 0.3412382591720469,
    "auroc": 0.4953163916176793
  },
  "test_subject": {
    "acc": 0.4444444444444444,
    "bal_acc": 0.4166666666666667,
    "f1": 0.404040404040404,
    "auroc": 0.5291005291005291
  },
  "n_train_rec": 70,
  "n_val_rec": 9,
  "n_test_rec": 9
}