{
  "fm": "reve",
  "seed": 41,
  "mode": "ft",
  "best_epoch": 20,
  "recipe": {
    "lr": 0.00024,
    "weight_decay": 0.01,
    "layer_decay": 1.0,
    "label_smoothing": 0.0,
    "head_hidden": 128,
    "drop_path": 0.0,
    "encoder_lr_scale": 0.1,
    "norm": "none",
    "warmup_epochs": 2,
    "optimizer_betas": [
      0.9,
      0.95
    ]
  },
  "test_sample": {
    "acc": 0.42620590352771776,
    "bal_acc": 0.3959747903113753,
    "f1": 0.3972592674389533,
    "auroc": 0.5599761264461672
  },
  "test_subject": {
    "acc": 0.5555555555555556,
    "bal_acc": 0.5555555555555555,
    "f1": 0.546031746031746,
    "auroc": 0.6021164021164022
  },
  "n_train_rec": 70,
  "n_val_rec": 9,
  "n_test_rec": 9
}