{
  "dataset": "EEGMAT",
  "ba": 0.7361,
  "design": "within_subject_crossed",
  "frozen": {
    "n_recordings": 72,
    "pooled_label_fraction": 0.05348541280193653,
    "crossed": {
      "n_recordings": 72,
      "n_subjects": 36,
      "n_labels": 2,
      "pooled_fractions": {
        "label": 0.05348541280193653,
        "subject": 0.7117785878767521,
        "residual": 0.23473599932131134,
        "raw_residual_signed": 0.23473599932131134
      },
      "ratio_subject_to_label": 13.307901175084153
    },
    "mixed_effects": {
      "icc_subject_mean": 0.5593107120439986,
      "frac_label_mean": 0.04625551832685601,
      "n_converged": 114,
      "n_dims_tried": 200
    }
  },
  "ft_pooled": {
    "n_recordings": 72,
    "pooled_label_fraction": 0.05819812817018348,
    "crossed": {
      "n_recordings": 72,
      "n_subjects": 36,
      "n_labels": 2,
      "pooled_fractions": {
        "label": 0.05819812817018348,
        "subject": 0.7187754651095212,
        "residual": 0.22302640672029536,
        "raw_residual_signed": 0.22302640672029536
      },
      "ratio_subject_to_label": 12.350491119021417
    },
    "mixed_effects": {
      "icc_subject_mean": 0.6278795864843362,
      "frac_label_mean": 0.04696779519190896,
      "n_converged": 122,
      "n_dims_tried": 200
    }
  }
}