{
  "fm": "cbramod",
  "seed": 41,
  "mode": "frozen",
  "best_epoch": 5,
  "recipe": {
    "lr": 0.0005,
    "weight_decay": 0.05,
    "layer_decay": 1.0,
    "label_smoothing": 0.1,
    "head_hidden": 0,
    "drop_path": 0.0,
    "encoder_lr_scale": 0.2,
    "warmup_epochs": 0,
    "optimizer_betas": [
      0.9,
      0.999
    ],
    "norm": "none"
  },
  "test_sample": {
    "acc": 0.36069114470842334,
    "bal_acc": 0.2734948186132785,
    "f1": 0.20351198394180772,
    "auroc": 0.4453841554289199
  },
  "test_subject": {
    "acc": 0.3333333333333333,
    "bal_acc": 0.25,
    "f1": 0.16666666666666666,
    "auroc": 0.4301587301587302
  },
  "n_train_rec": 70,
  "n_val_rec": 9,
  "n_test_rec": 9
}