{
  "fm": "cbramod",
  "seed": 44,
  "mode": "ft",
  "best_epoch": 7,
  "recipe": {
    "lr": 0.0005,
    "weight_decay": 0.05,
    "layer_decay": 1.0,
    "label_smoothing": 0.1,
    "head_hidden": 0,
    "drop_path": 0.0,
    "encoder_lr_scale": 0.2,
    "warmup_epochs": 0,
    "optimizer_betas": [
      0.9,
      0.999
    ],
    "norm": "none"
  },
  "test_sample": {
    "acc": 0.34645115952213634,
    "bal_acc": 0.34947125486757996,
    "f1": 0.35384627580985456,
    "auroc": 0.44489909390394144
  },
  "test_subject": {
    "acc": 0.4444444444444444,
    "bal_acc": 0.4444444444444444,
    "f1": 0.4814814814814814,
    "auroc": 0.4148148148148148
  },
  "n_train_rec": 70,
  "n_val_rec": 9,
  "n_test_rec": 9
}