{
  "fm": "cbramod",
  "seed": 43,
  "mode": "ft",
  "best_epoch": 51,
  "recipe": {
    "lr": 0.0005,
    "weight_decay": 0.05,
    "layer_decay": 1.0,
    "label_smoothing": 0.1,
    "head_hidden": 0,
    "drop_path": 0.0,
    "encoder_lr_scale": 0.2,
    "warmup_epochs": 0,
    "optimizer_betas": [
      0.9,
      0.999
    ],
    "norm": "none"
  },
  "test_sample": {
    "acc": 0.43176895306859203,
    "bal_acc": 0.39000013995896365,
    "f1": 0.39212240275576665,
    "auroc": 0.5776359005616768
  },
  "test_subject": {
    "acc": 0.4444444444444444,
    "bal_acc": 0.4444444444444444,
    "f1": 0.4444444444444444,
    "auroc": 0.5661375661375662
  },
  "n_train_rec": 70,
  "n_val_rec": 9,
  "n_test_rec": 9
}