{
  "fm": "labram",
  "seed": 43,
  "mode": "ft",
  "best_epoch": 5,
  "recipe": {
    "lr": 0.0005,
    "weight_decay": 0.05,
    "layer_decay": 0.65,
    "label_smoothing": 0.1,
    "head_hidden": 0,
    "drop_path": 0.1,
    "encoder_lr_scale": 1.0,
    "warmup_epochs": 5,
    "optimizer_betas": [
      0.9,
      0.999
    ],
    "norm": "zscore"
  },
  "test_sample": {
    "acc": 0.43176895306859203,
    "bal_acc": 0.37475726501118206,
    "f1": 0.3811979818414928,
    "auroc": 0.5889625873004586
  },
  "test_subject": {
    "acc": 0.3333333333333333,
    "bal_acc": 0.27777777777777773,
    "f1": 0.2814814814814815,
    "auroc": 0.6515873015873016
  },
  "n_train_rec": 70,
  "n_val_rec": 9,
  "n_test_rec": 9
}