{
  "fm": "labram",
  "seed": 45,
  "mode": "ft",
  "best_epoch": 24,
  "recipe": {
    "lr": 0.0005,
    "weight_decay": 0.05,
    "layer_decay": 0.65,
    "label_smoothing": 0.1,
    "head_hidden": 0,
    "drop_path": 0.1,
    "encoder_lr_scale": 1.0,
    "warmup_epochs": 5,
    "optimizer_betas": [
      0.9,
      0.999
    ],
    "norm": "zscore"
  },
  "test_sample": {
    "acc": 0.3870320855614973,
    "bal_acc": 0.37386398515851765,
    "f1": 0.38174996701442404,
    "auroc": 0.5647018921836157
  },
  "test_subject": {
    "acc": 0.4444444444444444,
    "bal_acc": 0.38888888888888884,
    "f1": 0.41269841269841273,
    "auroc": 0.582010582010582
  },
  "n_train_rec": 70,
  "n_val_rec": 9,
  "n_test_rec": 9
}