{
  "fm": "labram",
  "seed": 42,
  "mode": "frozen",
  "best_epoch": 9,
  "recipe": {
    "lr": 0.0005,
    "weight_decay": 0.05,
    "layer_decay": 0.65,
    "label_smoothing": 0.1,
    "head_hidden": 0,
    "drop_path": 0.1,
    "encoder_lr_scale": 1.0,
    "warmup_epochs": 5,
    "optimizer_betas": [
      0.9,
      0.999
    ],
    "norm": "zscore"
  },
  "test_sample": {
    "acc": 0.47692307692307695,
    "bal_acc": 0.4156045974227793,
    "f1": 0.3951598410258567,
    "auroc": 0.6471567454802457
  },
  "test_subject": {
    "acc": 0.5555555555555556,
    "bal_acc": 0.5,
    "f1": 0.44047619047619047,
    "auroc": 0.6928571428571427
  },
  "n_train_rec": 70,
  "n_val_rec": 9,
  "n_test_rec": 9
}