{
  "fm": "labram",
  "seed": 42,
  "mode": "ft",
  "best_epoch": 14,
  "recipe": {
    "lr": 0.0005,
    "weight_decay": 0.05,
    "layer_decay": 0.65,
    "label_smoothing": 0.1,
    "head_hidden": 0,
    "drop_path": 0.1,
    "encoder_lr_scale": 1.0,
    "warmup_epochs": 5,
    "optimizer_betas": [
      0.9,
      0.999
    ],
    "norm": "zscore"
  },
  "test_sample": {
    "acc": 0.7153846153846154,
    "bal_acc": 0.702849507394962,
    "f1": 0.6840583643217936,
    "auroc": 0.8659844175089825
  },
  "test_subject": {
    "acc": 0.7777777777777778,
    "bal_acc": 0.8333333333333334,
    "f1": 0.7746031746031745,
    "auroc": 0.9333333333333332
  },
  "n_train_rec": 70,
  "n_val_rec": 9,
  "n_test_rec": 9
}