{
  "fm": "reve",
  "seed": 43,
  "mode": "ft",
  "best_epoch": 20,
  "recipe": {
    "lr": 0.00024,
    "weight_decay": 0.01,
    "layer_decay": 1.0,
    "label_smoothing": 0.0,
    "head_hidden": 0,
    "drop_path": 0.0,
    "encoder_lr_scale": 0.1,
    "warmup_epochs": 2,
    "optimizer_betas": [
      0.9,
      0.95
    ],
    "norm": "none"
  },
  "test_sample": {
    "acc": 0.43465703971119135,
    "bal_acc": 0.46806934283756113,
    "f1": 0.42724446664295096,
    "auroc": 0.6290628013210386
  },
  "test_subject": {
    "acc": 0.5555555555555556,
    "bal_acc": 0.5833333333333334,
    "f1": 0.5333333333333333,
    "auroc": 0.7740740740740741
  },
  "n_train_rec": 70,
  "n_val_rec": 9,
  "n_test_rec": 9
}