{
  "fm": "reve",
  "seed": 45,
  "mode": "ft",
  "best_epoch": 14,
  "recipe": {
    "lr": 0.00024,
    "weight_decay": 0.01,
    "layer_decay": 1.0,
    "label_smoothing": 0.0,
    "head_hidden": 0,
    "drop_path": 0.0,
    "encoder_lr_scale": 0.1,
    "warmup_epochs": 2,
    "optimizer_betas": [
      0.9,
      0.95
    ],
    "norm": "none"
  },
  "test_sample": {
    "acc": 0.2907754010695187,
    "bal_acc": 0.2870424745327513,
    "f1": 0.2890427688209048,
    "auroc": 0.40358735607563867
  },
  "test_subject": {
    "acc": 0.3333333333333333,
    "bal_acc": 0.27777777777777773,
    "f1": 0.27777777777777773,
    "auroc": 0.38809523809523805
  },
  "n_train_rec": 70,
  "n_val_rec": 9,
  "n_test_rec": 9
}