{
  "fm": "reve",
  "seed": 44,
  "mode": "frozen",
  "best_epoch": 10,
  "recipe": {
    "lr": 0.00024,
    "weight_decay": 0.01,
    "layer_decay": 1.0,
    "label_smoothing": 0.0,
    "head_hidden": 0,
    "drop_path": 0.0,
    "encoder_lr_scale": 0.1,
    "warmup_epochs": 2,
    "optimizer_betas": [
      0.9,
      0.95
    ],
    "norm": "none"
  },
  "test_sample": {
    "acc": 0.29234012649332397,
    "bal_acc": 0.2653013899199033,
    "f1": 0.25817155620720844,
    "auroc": 0.3547844611464073
  },
  "test_subject": {
    "acc": 0.3333333333333333,
    "bal_acc": 0.27777777777777773,
    "f1": 0.26666666666666666,
    "auroc": 0.3637566137566138
  },
  "n_train_rec": 70,
  "n_val_rec": 9,
  "n_test_rec": 9
}