{
  "fm": "reve",
  "seed": 43,
  "mode": "frozen",
  "best_epoch": 15,
  "recipe": {
    "lr": 0.00024,
    "weight_decay": 0.01,
    "layer_decay": 1.0,
    "label_smoothing": 0.0,
    "head_hidden": 0,
    "drop_path": 0.0,
    "encoder_lr_scale": 0.1,
    "warmup_epochs": 2,
    "optimizer_betas": [
      0.9,
      0.95
    ],
    "norm": "none"
  },
  "test_sample": {
    "acc": 0.3783393501805054,
    "bal_acc": 0.37530175270880606,
    "f1": 0.35856262170854386,
    "auroc": 0.5758848611820452
  },
  "test_subject": {
    "acc": 0.4444444444444444,
    "bal_acc": 0.4166666666666667,
    "f1": 0.31746031746031744,
    "auroc": 0.6801587301587301
  },
  "n_train_rec": 70,
  "n_val_rec": 9,
  "n_test_rec": 9
}