{
  "fm": "reve",
  "seed": 45,
  "mode": "frozen",
  "best_epoch": 25,
  "recipe": {
    "lr": 0.00024,
    "weight_decay": 0.01,
    "layer_decay": 1.0,
    "label_smoothing": 0.0,
    "head_hidden": 0,
    "drop_path": 0.0,
    "encoder_lr_scale": 0.1,
    "warmup_epochs": 2,
    "optimizer_betas": [
      0.9,
      0.95
    ],
    "norm": "none"
  },
  "test_sample": {
    "acc": 0.3409090909090909,
    "bal_acc": 0.34893821065192343,
    "f1": 0.3401680097411697,
    "auroc": 0.4581710232162068
  },
  "test_subject": {
    "acc": 0.5555555555555556,
    "bal_acc": 0.5555555555555555,
    "f1": 0.546031746031746,
    "auroc": 0.5571428571428572
  },
  "n_train_rec": 70,
  "n_val_rec": 9,
  "n_test_rec": 9
}