epoch,train_loss,val_win_bal_acc,val_bal_acc,lr
1,0.28814027402349696,0.4759911894273128,0.45454545454545453,9.999999999999999e-06
2,0.19703183875929925,0.4628382630585274,0.45454545454545453,1.9999999999999998e-05
3,0.16179568897331914,0.5212712397734425,0.5454545454545454,3e-05
4,0.12991863312900706,0.646821900566394,0.7272727272727273,2.99665031793473e-05
5,0.09185845873528911,0.690748898678414,0.7272727272727273,2.9866162322321703e-05
6,0.053723215435942016,0.7265261170547515,0.8181818181818181,2.9699425575548802e-05
7,0.026605542338583418,0.7722781623662681,0.8181818181818181,2.946703762581565e-05
8,0.012172574204923485,0.7569540591567023,0.8636363636363636,2.917003637411878e-05
9,0.005289933030864084,0.7646003775959723,0.8181818181818181,2.880974830014643e-05
10,0.0021442951852335564,0.7454373820012588,0.8636363636363636,2.838778253789822e-05
11,0.0011564953595660226,0.7712397734424166,0.8636363636363636,2.790602368890209e-05
12,0.0007212966281053189,0.7624606670862177,0.8636363636363636,2.7366623405126405e-05
13,0.0004995303261826086,0.7613593455003147,0.8636363636363636,2.6771990779179916e-05
14,0.00037110053443773,0.7575204531151667,0.8636363636363636,2.6124781584719365e-05
15,0.0002857229121355465,0.7613593455003147,0.8636363636363636,2.5427886415119635e-05
16,0.00023496137824837715,0.7657646318439271,0.8636363636363636,2.4684417773382037e-05
17,0.00019233660252642148,0.7696035242290749,0.8636363636363636,2.3897696170940328e-05
18,0.00016285263385510407,0.759723096286973,0.8636363636363636,2.307123529745059e-05
19,0.00014063182139599582,0.7668659534298301,0.8636363636363636,2.2208726327800257e-05
20,0.00012133801948205288,0.7668659534298301,0.8636363636363636,2.1314021436425026e-05
21,0.00010696613455404996,0.7668659534298301,0.8636363636363636,2.039111659256269e-05
22,9.404905677490782e-05,0.7740088105726872,0.8636363636363636,1.9444133713284513e-05
23,8.355010021493585e-05,0.7740088105726872,0.8636363636363636,1.8477302254012925e-05
24,7.670671570800765e-05,0.7679672750157331,0.8636363636363636,1.749494031874695e-05
25,7.076862432093608e-05,0.7619257394587791,0.8636363636363636,1.6501435374361478e-05
26,6.495461746707925e-05,0.7547828823159219,0.8636363636363636,1.5501224655115118e-05
27,6.001158223909286e-05,0.760824417872876,0.8636363636363636,1.4498775344884886e-05
