{
  "n_boot": 1000,
  "cells": {
    "labram_stress": {
      "point": 11.078551421882755,
      "geo_mean": 6.716495342238951,
      "ci_low": 1.4680442514724115,
      "ci_high": 25.029739227334368,
      "n_valid": 871
    },
    "labram_eegmat": {
      "point": 13.307901175084153,
      "geo_mean": 12.108595993793427,
      "ci_low": 7.271979017317589,
      "ci_high": 21.457187650609203,
      "n_valid": 1000
    },
    "labram_adftd": {
      "point": 24.94693918730645,
      "geo_mean": 20.398598663334262,
      "ci_low": 6.4165899540133795,
      "ci_high": 63.720948957695406,
      "n_valid": 1000
    },
    "labram_tdbrain": {
      "point": 25.65372434146998,
      "geo_mean": 25.68541427915021,
      "ci_low": 12.085753995594535,
      "ci_high": 64.01814785250178,
      "n_valid": 1000
    },
    "cbramod_stress": {
      "point": 22.49000888083161,
      "geo_mean": 12.81783543426225,
      "ci_low": 2.411004575135575,
      "ci_high": 57.92394115005726,
      "n_valid": 871
    },
    "cbramod_eegmat": {
      "point": 21.390372130980342,
      "geo_mean": 19.565413297430652,
      "ci_low": 9.939307002170786,
      "ci_high": 41.08128066973773,
      "n_valid": 1000
    },
    "cbramod_adftd": {
      "point": 54.56065251714945,
      "geo_mean": 36.93820317037038,
      "ci_low": 8.463929556377515,
      "ci_high": 192.33088168745434,
      "n_valid": 1000
    },
    "cbramod_tdbrain": {
      "point": 32.648788055969476,
      "geo_mean": 39.31706776750002,
      "ci_low": 9.70863395935933,
      "ci_high": 496.605831868786,
      "n_valid": 1000
    },
    "reve_stress": {
      "point": 18.679823299938175,
      "geo_mean": 10.518079931549357,
      "ci_low": 1.2462844030107751,
      "ci_high": 50.839331040591894,
      "n_valid": 871
    },
    "reve_eegmat": {
      "point": 31.43829352053643,
      "geo_mean": 26.74257960573382,
      "ci_low": 12.449547886202254,
      "ci_high": 57.45078925501178,
      "n_valid": 1000
    },
    "reve_adftd": {
      "point": 27.34319229570676,
      "geo_mean": 32.02502918548243,
      "ci_low": 7.141185564115627,
      "ci_high": 308.1895168615674,
      "n_valid": 1000
    },
    "reve_tdbrain": {
      "point": 2906.370843199221,
      "geo_mean": 964.3396858848563,
      "ci_low": 67.44428511002681,
      "ci_high": 143449.68195381644,
      "n_valid": 1000
    }
  }
}