{
  "fm": "cbramod",
  "seed": 41,
  "mode": "frozen",
  "best_epoch": 24,
  "recipe": {
    "lr": 0.0001,
    "weight_decay": 0.0,
    "layer_decay": 1.0,
    "label_smoothing": 0.0,
    "head_hidden": 0,
    "drop_path": 0.0,
    "encoder_lr_scale": 1.0,
    "warmup_epochs": 0,
    "optimizer_betas": [
      0.9,
      0.999
    ],
    "norm": "none"
  },
  "test_sample": {
    "acc": 0.3743700503959683,
    "bal_acc": 0.28197897224357066,
    "f1": 0.1983773692507169,
    "auroc": 0.4515777396199903
  },
  "test_subject": {
    "acc": 0.3333333333333333,
    "bal_acc": 0.25,
    "f1": 0.16666666666666666,
    "auroc": 0.45396825396825397
  },
  "n_train_rec": 70,
  "n_val_rec": 9,
  "n_test_rec": 9
}