{
  "fm": "cbramod",
  "seed": 42,
  "mode": "ft",
  "best_epoch": 14,
  "recipe": {
    "lr": 0.0001,
    "weight_decay": 0.0,
    "layer_decay": 1.0,
    "label_smoothing": 0.0,
    "head_hidden": 0,
    "drop_path": 0.0,
    "encoder_lr_scale": 1.0,
    "warmup_epochs": 0,
    "optimizer_betas": [
      0.9,
      0.999
    ],
    "norm": "none"
  },
  "test_sample": {
    "acc": 0.6938461538461539,
    "bal_acc": 0.7031737622646714,
    "f1": 0.6969875600193087,
    "auroc": 0.8569012066669311
  },
  "test_subject": {
    "acc": 0.7777777777777778,
    "bal_acc": 0.8333333333333334,
    "f1": 0.8055555555555555,
    "auroc": 0.9314814814814815
  },
  "n_train_rec": 70,
  "n_val_rec": 9,
  "n_test_rec": 9
}