{
  "fm": "cbramod",
  "seed": 42,
  "mode": "frozen",
  "best_epoch": 1,
  "recipe": {
    "lr": 0.0001,
    "weight_decay": 0.0,
    "layer_decay": 1.0,
    "label_smoothing": 0.0,
    "head_hidden": 0,
    "drop_path": 0.0,
    "encoder_lr_scale": 1.0,
    "warmup_epochs": 0,
    "optimizer_betas": [
      0.9,
      0.999
    ],
    "norm": "none"
  },
  "test_sample": {
    "acc": 0.45076923076923076,
    "bal_acc": 0.3400861764498128,
    "f1": 0.25993569668879707,
    "auroc": 0.5896687650070809
  },
  "test_subject": {
    "acc": 0.4444444444444444,
    "bal_acc": 0.3333333333333333,
    "f1": 0.20512820512820515,
    "auroc": 0.6224867724867725
  },
  "n_train_rec": 70,
  "n_val_rec": 9,
  "n_test_rec": 9
}