{
  "fm": "labram",
  "seed": 41,
  "mode": "ft",
  "best_epoch": 52,
  "recipe": {
    "lr": 0.0001,
    "weight_decay": 0.0,
    "layer_decay": 1.0,
    "label_smoothing": 0.0,
    "head_hidden": 0,
    "drop_path": 0.0,
    "encoder_lr_scale": 1.0,
    "warmup_epochs": 0,
    "optimizer_betas": [
      0.9,
      0.999
    ],
    "norm": "zscore"
  },
  "test_sample": {
    "acc": 0.6846652267818575,
    "bal_acc": 0.593644004333857,
    "f1": 0.6001603964367989,
    "auroc": 0.8631445678918691
  },
  "test_subject": {
    "acc": 0.6666666666666666,
    "bal_acc": 0.5555555555555555,
    "f1": 0.5090909090909091,
    "auroc": 0.9261904761904761
  },
  "n_train_rec": 70,
  "n_val_rec": 9,
  "n_test_rec": 9
}