{
  "fm": "labram",
  "seed": 43,
  "mode": "ft",
  "best_epoch": 12,
  "recipe": {
    "lr": 0.0001,
    "weight_decay": 0.0,
    "layer_decay": 1.0,
    "label_smoothing": 0.0,
    "head_hidden": 0,
    "drop_path": 0.0,
    "encoder_lr_scale": 1.0,
    "warmup_epochs": 0,
    "optimizer_betas": [
      0.9,
      0.999
    ],
    "norm": "zscore"
  },
  "test_sample": {
    "acc": 0.40577617328519855,
    "bal_acc": 0.3516007671238693,
    "f1": 0.35163749513244197,
    "auroc": 0.6023304723001568
  },
  "test_subject": {
    "acc": 0.3333333333333333,
    "bal_acc": 0.27777777777777773,
    "f1": 0.2814814814814815,
    "auroc": 0.566931216931217
  },
  "n_train_rec": 70,
  "n_val_rec": 9,
  "n_test_rec": 9
}