{
  "fm": "labram",
  "seed": 42,
  "mode": "ft",
  "best_epoch": 36,
  "recipe": {
    "lr": 0.0001,
    "weight_decay": 0.0,
    "layer_decay": 1.0,
    "label_smoothing": 0.0,
    "head_hidden": 0,
    "drop_path": 0.0,
    "encoder_lr_scale": 1.0,
    "warmup_epochs": 0,
    "optimizer_betas": [
      0.9,
      0.999
    ],
    "norm": "zscore"
  },
  "test_sample": {
    "acc": 0.6638461538461539,
    "bal_acc": 0.6568512295785024,
    "f1": 0.6247209967125746,
    "auroc": 0.7918880221571163
  },
  "test_subject": {
    "acc": 0.7777777777777778,
    "bal_acc": 0.8333333333333334,
    "f1": 0.7746031746031745,
    "auroc": 0.9095238095238095
  },
  "n_train_rec": 70,
  "n_val_rec": 9,
  "n_test_rec": 9
}