{
  "fm": "reve",
  "seed": 43,
  "mode": "ft",
  "best_epoch": 9,
  "recipe": {
    "lr": 0.0001,
    "weight_decay": 0.0,
    "layer_decay": 1.0,
    "label_smoothing": 0.0,
    "head_hidden": 0,
    "drop_path": 0.0,
    "encoder_lr_scale": 1.0,
    "warmup_epochs": 0,
    "optimizer_betas": [
      0.9,
      0.999
    ],
    "norm": "none"
  },
  "test_sample": {
    "acc": 0.42671480144404333,
    "bal_acc": 0.4639720864355457,
    "f1": 0.42933596919501177,
    "auroc": 0.6274497731139436
  },
  "test_subject": {
    "acc": 0.3333333333333333,
    "bal_acc": 0.3611111111111111,
    "f1": 0.3611111111111111,
    "auroc": 0.7280423280423282
  },
  "n_train_rec": 70,
  "n_val_rec": 9,
  "n_test_rec": 9
}