{
  "fm": "reve",
  "seed": 42,
  "mode": "frozen",
  "best_epoch": 12,
  "recipe": {
    "lr": 0.0001,
    "weight_decay": 0.0,
    "layer_decay": 1.0,
    "label_smoothing": 0.0,
    "head_hidden": 0,
    "drop_path": 0.0,
    "encoder_lr_scale": 1.0,
    "warmup_epochs": 0,
    "optimizer_betas": [
      0.9,
      0.999
    ],
    "norm": "none"
  },
  "test_sample": {
    "acc": 0.46307692307692305,
    "bal_acc": 0.4057271011816466,
    "f1": 0.40382077881720185,
    "auroc": 0.611690157207848
  },
  "test_subject": {
    "acc": 0.5555555555555556,
    "bal_acc": 0.5,
    "f1": 0.4166666666666667,
    "auroc": 0.7116402116402117
  },
  "n_train_rec": 70,
  "n_val_rec": 9,
  "n_test_rec": 9
}