{
  "provenance": {
    "raw_dir": "results/studies/exp27_paired_null/sleepdep",
    "snapshot_date": "2026-04-25",
    "commit": "e47a8b0",
    "script": "scripts/analysis/rebuild_final_snapshots.py",
    "notes": "30-seed LaBraM FT permutation null for sleepdep; aggregated."
  },
  "model": "labram",
  "cell": "sleepdep",
  "n_seeds": 30,
  "subject_bal_acc_per_seed": {
    "s0": 0.6111,
    "s1": 0.4722,
    "s10": 0.4444,
    "s11": 0.4722,
    "s12": 0.4306,
    "s13": 0.5278,
    "s14": 0.5972,
    "s15": 0.5139,
    "s16": 0.4583,
    "s17": 0.4167,
    "s18": 0.5139,
    "s19": 0.4167,
    "s2": 0.5833,
    "s20": 0.4722,
    "s21": 0.5833,
    "s22": 0.5278,
    "s23": 0.4861,
    "s24": 0.5694,
    "s25": 0.4722,
    "s26": 0.4861,
    "s27": 0.5139,
    "s28": 0.4583,
    "s29": 0.4722,
    "s3": 0.4167,
    "s4": 0.5139,
    "s5": 0.5139,
    "s6": 0.4861,
    "s7": 0.4306,
    "s8": 0.5139,
    "s9": 0.4167
  },
  "subject_bal_acc_mean": 0.4930533333333333,
  "subject_bal_acc_std_ddof1": 0.05575305609890651,
  "subject_bal_acc_min": 0.4167,
  "subject_bal_acc_max": 0.6111
}