epoch,train_loss,val_win_bal_acc,val_bal_acc,lr
1,0.31298039989037946,0.5065678581807614,0.5,9.999999999999999e-06
2,0.17453106405673088,0.3817640220866027,0.25,1.9999999999999998e-05
3,0.13731165433471854,0.4019471083987213,0.41666666666666663,3e-05
4,0.10971449557449911,0.4355855855855856,0.45833333333333337,2.99665031793473e-05
5,0.08302474123510448,0.42753560011624525,0.45833333333333337,2.9866162322321703e-05
6,0.05948757902755366,0.4893490264458006,0.45833333333333337,2.9699425575548802e-05
7,0.03583087044006044,0.4678436501017146,0.45833333333333337,2.946703762581565e-05
8,0.018828483999936613,0.4800929962220285,0.45833333333333337,2.917003637411878e-05
9,0.008235686801845667,0.4841179889566986,0.45833333333333337,2.880974830014643e-05
10,0.003900854768195226,0.4935774484161581,0.45833333333333337,2.838778253789822e-05
11,0.0020458394141456525,0.4881720430107527,0.45833333333333337,2.790602368890209e-05
12,0.0012449659040506154,0.4935774484161581,0.45833333333333337,2.7366623405126405e-05
13,0.0008191823632026986,0.4989828538215635,0.45833333333333337,2.6771990779179916e-05
14,0.0005861377403443957,0.4989828538215635,0.45833333333333337,2.6124781584719365e-05
15,0.00044068947138473417,0.4989828538215635,0.45833333333333337,2.5427886415119635e-05
16,0.00034025145464806585,0.49763150247021215,0.45833333333333337,2.4684417773382037e-05
