{
  "provenance": {
    "raw_dir": "results/studies/fooof_ablation/sleepdep_probes.json",
    "snapshot_date": "2026-04-25",
    "commit": "e47a8b0",
    "script": "scripts/analysis/rebuild_final_snapshots.py",
    "notes": "FOOOF {aperiodic,periodic,both}_removed \u2192 re-extract \u2192 state probe."
  },
  "dataset": "sleepdep",
  "results": {
    "labram": {
      "original": {
        "subject_probe_mean": 0.40625,
        "subject_probe_std": 0.0361797272397033,
        "subject_probe_bas": [
          0.4444444444444444,
          0.3611111111111111,
          0.4722222222222222,
          0.3888888888888889,
          0.4166666666666667,
          0.3888888888888889,
          0.3888888888888889,
          0.3888888888888889
        ],
        "state_probe_mean": 0.6163194444444444,
        "state_probe_std": 0.025650165622714043,
        "state_probe_bas": [
          0.625,
          0.5972222222222222,
          0.6111111111111112,
          0.6111111111111112,
          0.5972222222222223,
          0.6527777777777777,
          0.6527777777777777,
          0.5833333333333333
        ]
      },
      "aperiodic_removed": {
        "subject_probe_mean": 0.3611111111111111,
        "subject_probe_std": 0.049244736690439904,
        "subject_probe_bas": [
          0.3611111111111111,
          0.3611111111111111,
          0.3888888888888889,
          0.3055555555555556,
          0.4166666666666667,
          0.4166666666666667,
          0.2777777777777778,
          0.3611111111111111
        ],
        "state_probe_mean": 0.5381944444444445,
        "state_probe_std": 0.03214653124210252,
        "state_probe_bas": [
          0.5138888888888888,
          0.5416666666666667,
          0.5277777777777778,
          0.5555555555555556,
          0.5972222222222223,
          0.5416666666666667,
          0.4861111111111111,
          0.5416666666666667
        ]
      },
      "periodic_removed": {
        "subject_probe_mean": 0.3993055555555556,
        "subject_probe_std": 0.0418316838141032,
        "subject_probe_bas": [
          0.4444444444444444,
          0.3611111111111111,
          0.4722222222222222,
          0.3611111111111111,
          0.4166666666666667,
          0.3611111111111111,
          0.3888888888888889,
          0.3888888888888889
        ],
        "state_probe_mean": 0.625,
        "state_probe_std": 0.029695693545824884,
        "state_probe_bas": [
          0.6527777777777778,
          0.6111111111111112,
          0.625,
          0.6111111111111112,
          0.5972222222222223,
          0.6527777777777777,
          0.6666666666666666,
          0.5833333333333334
        ]
      },
      "both_removed": {
        "subject_probe_mean": 0.3576388888888889,
        "subject_probe_std": 0.05021448704303081,
        "subject_probe_bas": [
          0.3611111111111111,
          0.3611111111111111,
          0.3888888888888889,
          0.3055555555555556,
          0.4166666666666667,
          0.4166666666666667,
          0.2777777777777778,
          0.3333333333333333
        ],
        "state_probe_mean": 0.5329861111111112,
        "state_probe_std": 0.038531163662576334,
        "state_probe_bas": [
          0.5277777777777778,
          0.5416666666666667,
          0.5,
          0.5555555555555556,
          0.5972222222222223,
          0.5555555555555556,
          0.4722222222222222,
          0.5138888888888888
        ]
      }
    },
    "cbramod": {
      "original": {
        "subject_probe_mean": 0.4201388888888889,
        "subject_probe_std": 0.034622873743284016,
        "subject_probe_bas": [
          0.4722222222222222,
          0.4444444444444444,
          0.3888888888888889,
          0.3611111111111111,
          0.4166666666666667,
          0.4166666666666667,
          0.4444444444444444,
          0.4166666666666667
        ],
        "state_probe_mean": 0.5399305555555556,
        "state_probe_std": 0.0291690286269626,
        "state_probe_bas": [
          0.5416666666666667,
          0.5277777777777778,
          0.5694444444444444,
          0.5277777777777778,
          0.5694444444444444,
          0.5694444444444444,
          0.4861111111111111,
          0.5277777777777778
        ]
      },
      "aperiodic_removed": {
        "subject_probe_mean": 0.375,
        "subject_probe_std": 0.033200794703733154,
        "subject_probe_bas": [
          0.3888888888888889,
          0.3055555555555556,
          0.3888888888888889,
          0.3611111111111111,
          0.4166666666666667,
          0.3888888888888889,
          0.3611111111111111,
          0.3888888888888889
        ],
        "state_probe_mean": 0.5277777777777777,
        "state_probe_std": 0.027777777777777807,
        "state_probe_bas": [
          0.5,
          0.5138888888888888,
          0.5416666666666667,
          0.5833333333333334,
          0.5416666666666667,
          0.5,
          0.5277777777777778,
          0.5138888888888888
        ]
      },
      "periodic_removed": {
        "subject_probe_mean": 0.42361111111111116,
        "subject_probe_std": 0.028752731639264745,
        "subject_probe_bas": [
          0.4722222222222222,
          0.4444444444444444,
          0.3888888888888889,
          0.3888888888888889,
          0.4166666666666667,
          0.4166666666666667,
          0.4444444444444444,
          0.4166666666666667
        ],
        "state_probe_mean": 0.5381944444444444,
        "state_probe_std": 0.027528644693475407,
        "state_probe_bas": [
          0.5416666666666667,
          0.5277777777777778,
          0.5694444444444444,
          0.5277777777777778,
          0.5694444444444444,
          0.5555555555555556,
          0.4861111111111111,
          0.5277777777777778
        ]
      },
      "both_removed": {
        "subject_probe_mean": 0.375,
        "subject_probe_std": 0.033200794703733154,
        "subject_probe_bas": [
          0.3888888888888889,
          0.3055555555555556,
          0.3888888888888889,
          0.3611111111111111,
          0.4166666666666667,
          0.3888888888888889,
          0.3611111111111111,
          0.3888888888888889
        ],
        "state_probe_mean": 0.5243055555555556,
        "state_probe_std": 0.0254479272586918,
        "state_probe_bas": [
          0.5,
          0.5,
          0.5416666666666667,
          0.5694444444444444,
          0.5416666666666667,
          0.5,
          0.5277777777777778,
          0.5138888888888888
        ]
      }
    },
    "reve": {
      "original": {
        "subject_probe_mean": 0.375,
        "subject_probe_std": 0.025717224993681998,
        "subject_probe_bas": [
          0.3888888888888889,
          0.3888888888888889,
          0.3611111111111111,
          0.3611111111111111,
          0.3333333333333333,
          0.3888888888888889,
          0.4166666666666667,
          0.3611111111111111
        ],
        "state_probe_mean": 0.5625,
        "state_probe_std": 0.03928371006591932,
        "state_probe_bas": [
          0.4861111111111111,
          0.5833333333333333,
          0.5416666666666666,
          0.5416666666666667,
          0.6111111111111112,
          0.5972222222222223,
          0.5694444444444444,
          0.5694444444444444
        ]
      },
      "aperiodic_removed": {
        "subject_probe_mean": 0.41666666666666663,
        "subject_probe_std": 0.03320079470373315,
        "subject_probe_bas": [
          0.3888888888888889,
          0.4444444444444444,
          0.4166666666666667,
          0.4722222222222222,
          0.3888888888888889,
          0.3888888888888889,
          0.3888888888888889,
          0.4444444444444444
        ],
        "state_probe_mean": 0.5190972222222222,
        "state_probe_std": 0.036322261188537326,