epoch,train_loss,val_win_bal_acc,val_bal_acc,lr
1,0.18377817217625825,0.5040357530410332,0.5,3.3333333333333333e-06
2,0.16448214562500224,0.506308992176463,0.5,6.666666666666667e-06
3,0.13826774615867465,0.5050532223463331,0.5,1e-05
