epoch,train_loss,val_win_bal_acc,val_bal_acc,lr
1,0.1804708386771381,0.500669596477396,0.5,3.3333333333333333e-06
2,0.14895476256497203,0.49979719979164944,0.5,6.666666666666667e-06
3,0.12456048633903265,0.5044580466853195,0.5,1e-05
