{
  "plain": {
    "bal_acc_mean": 0.5078787878787878,
    "bal_acc_std": 0.15290048499065165,
    "bal_acc_folds": [
      0.5,
      0.7727272727272727,
      0.45,
      0.41666666666666663,
      0.4
    ],
    "pooled_bal_acc": 0.4375
  },
  "balanced": {
    "bal_acc_mean": 0.553030303030303,
    "bal_acc_std": 0.08053140767223221,
    "bal_acc_folds": [
      0.5,
      0.6818181818181819,
      0.5,
      0.5833333333333333,
      0.5
    ],
    "pooled_bal_acc": 0.48214285714285715
  }
}