{
  "labram_adftd": {
    "model": "labram",
    "dataset": "adftd",
    "full_n_subj": 65,
    "rungs": {
      "10": {
        "mean": 0.531577380952381,
        "std": 0.16600254202465778,
        "ci95_lo": 0.22465277777777776,
        "ci95_hi": 0.8406249999999998,
        "n_draws": 100
      },
      "17": {
        "mean": 0.6161349946349945,
        "std": 0.10073632459614146,
        "ci95_lo": 0.4185824592074592,
        "ci95_hi": 0.8194444444444444,
        "n_draws": 100
      },
      "25": {
        "mean": 0.6242899346024344,
        "std": 0.07720512373429113,
        "ci95_lo": 0.46217970142602494,
        "ci95_hi": 0.7620085470085469,
        "n_draws": 100
      },
      "35": {
        "mean": 0.6608904499674034,
        "std": 0.06811828937230154,
        "ci95_lo": 0.5444444444444444,
        "ci95_hi": 0.7784599673202613,
        "n_draws": 100
      },
      "50": {
        "mean": 0.6815680192252209,
        "std": 0.04285807589417025,
        "ci95_lo": 0.5967947641439021,
        "ci95_hi": 0.7508534946236558,
        "n_draws": 100
      },
      "65": {
        "mean": 0.6956417624521073,
        "std": 0.023292750881730623,
        "ci95_lo": 0.6518279054916987,
        "ci95_hi": 0.7262651660280971,
        "n_draws": 8
      }
    }
  },
  "cbramod_adftd": {
    "model": "cbramod",
    "dataset": "adftd",
    "full_n_subj": 65,
    "rungs": {
      "10": {
        "mean": 0.5249007936507937,
        "std": 0.16109688805582137,
        "ci95_lo": 0.24186507936507934,
        "ci95_hi": 0.8234374999999998,
        "n_draws": 100
      },
      "17": {
        "mean": 0.5405504125504126,
        "std": 0.11904758441368697,
        "ci95_lo": 0.31093434343434345,
        "ci95_hi": 0.7526835317460316,
        "n_draws": 100
      },
      "25": {
        "mean": 0.5305182917572624,
        "std": 0.0912866282213343,
        "ci95_lo": 0.3655448717948718,
        "ci95_hi": 0.7172837579087579,
        "n_draws": 100
      },
      "35": {
        "mean": 0.566440902187394,
        "std": 0.07541233418338943,
        "ci95_lo": 0.4348673460612315,
        "ci95_hi": 0.7119112505141916,
        "n_draws": 100
      },
      "50": {
        "mean": 0.5720408422679027,
        "std": 0.053897712880669156,
        "ci95_lo": 0.45954710144927535,
        "ci95_hi": 0.6705459770114942,
        "n_draws": 100
      },
      "65": {
        "mean": 0.5779853128991059,
        "std": 0.027766765774261664,
        "ci95_lo": 0.5385017560664113,
        "ci95_hi": 0.60625,
        "n_draws": 8
      }
    }
  },
  "reve_adftd": {
    "model": "reve",
    "dataset": "adftd",
    "full_n_subj": 65,
    "rungs": {
      "10": {
        "mean": 0.5306984126984127,
        "std": 0.15014632119688925,
        "ci95_lo": 0.24784722222222222,
        "ci95_hi": 0.7960416666666666,
        "n_draws": 100
      },
      "17": {
        "mean": 0.5748068551818551,
        "std": 0.0996307175526938,
        "ci95_lo": 0.3954040404040404,
        "ci95_hi": 0.769097222222222,
        "n_draws": 100
      },
      "25": {
        "mean": 0.6022093504262621,
        "std": 0.08516143958283957,
        "ci95_lo": 0.4207871989121989,
        "ci95_hi": 0.7612179487179485,
        "n_draws": 100
      },
      "35": {
        "mean": 0.6225683777259444,
        "std": 0.06778165890588561,
        "ci95_lo": 0.5095413165266106,
        "ci95_hi": 0.7569960741013371,
        "n_draws": 100
      },
      "50": {
        "mean": 0.6660912993587441,
        "std": 0.042342151219655295,
        "ci95_lo": 0.5928159920460645,
        "ci95_hi": 0.7456894122383252,
        "n_draws": 100
      },
      "65": {
        "mean": 0.684287196679438,
        "std": 0.018712401058027985,
        "ci95_lo": 0.6577147190293742,
        "ci95_hi": 0.7128791507024266,
        "n_draws": 8
      }
    }
  },
  "labram_tdbrain": {
    "model": "labram",
    "dataset": "tdbrain",
    "full_n_subj": 359,
    "rungs": {
      "10": {
        "mean": 0.5902777777777777,
        "std": 0.16341216118462076,
        "ci95_lo": 0.26711309523809523,
        "ci95_hi": 0.8392113095238095,
        "n_draws": 12
      },
      "17": {
        "mean": 0.5887067137067138,
        "std": 0.13531132833403478,
        "ci95_lo": 0.3326923076923077,
        "ci95_hi": 0.8827380952380952,
        "n_draws": 37
      },
      "25": {
        "mean": 0.5894256953479553,
        "std": 0.13268092176079868,
        "ci95_lo": 0.38492965367965365,
        "ci95_hi": 0.8333712121212118,
        "n_draws": 77
      },
      "35": {
        "mean": 0.6001208669556676,
        "std": 0.11723980361638975,
        "ci95_lo": 0.43041130514705883,
        "ci95_hi": 0.8483723958333333,
        "n_draws": 88
      },
      "50": {
        "mean": 0.6093343075416796,
        "std": 0.09745989677716357,
        "ci95_lo": 0.4463370406189555,
        "ci95_hi": 0.8139145225136071,
        "n_draws": 97
      },
      "75": {
        "mean": 0.616029773607206,
        "std": 0.0788693858894607,
        "ci95_lo": 0.4669342180365297,
        "ci95_hi": 0.8050796903460833,
        "n_draws": 100
      },
      "100": {
        "mean": 0.6351023914679764,
        "std": 0.0717237506951716,
        "ci95_lo": 0.5093559245354365,
        "ci95_hi": 0.7937313628304317,
        "n_draws": 100
      },
      "150": {
        "mean": 0.648460770938437,
        "std": 0.045777941822039266,
        "ci95_lo": 0.5611946614583333,
        "ci95_hi": 0.7354830473856209,
        "n_draws": 100
      },
      "200": {
        "mean": 0.6622180531634622,
        "std": 0.04457996228993849,
        "ci95_lo": 0.5901349713969303,
        "ci95_hi": 0.7512040330320316,
        "n_draws": 100
      },
      "300": {
        "mean": 0.6877532080901193,
        "std": 0.02477007385111526,
        "ci95_lo": 0.6403135536466102,
        "ci95_hi": 0.7349198174655492,
        "n_draws": 100
      },
      "359": {
        "mean": 0.695040309175532,
        "std": 0.022788761840453697,
        "ci95_lo": 0.6732160073138298,
        "ci95_hi": 0.7342657081117021,
        "n_draws": 8
      }
    }
  },
  "cbramod_tdbrain": {
    "model": "cbramod",
    "dataset": "tdbrain",
    "full_n_subj": 359,
    "rungs": {
      "10": {
        "mean": 0.6535218253968255,
        "std": 0.20838809630773092,
        "ci95_lo": 0.2794642857142857,
        "ci95_hi": 0.9770833333333333,
        "n_draws": 12
      },
      "17": {
        "mean": 0.4902989465489465,
        "std": 0.1398479578186876,
        "ci95_lo": 0.25,
        "ci95_hi": 0.7654761904761905,
        "n_draws": 37
      },
      "25": {
        "mean": 0.5177671379257051,
        "std": 0.13153961660200153,
        "ci95_lo": 0.33295454545454545,
        "ci95_hi": 0.7762878787878786,
        "n_draws": 77
      },
      "35": {
        "mean": 0.5014333539563826,
        "std": 0.11660955768976165,
        "ci95_lo": 0.3166487068965517,
        "ci95_hi": 0.7654435483870967,
        "n_draws": 88
      },
      "50": {
        "mean": 0.5019254201837536,
        "std": 0.0984458505163584,
        "ci95_lo": 0.33404255319148934,
        "ci95_hi": 0.7066686024003095,
        "n_draws": 97
      },
      "75": {
        "mean": 0.499859645931046,
        "std": 0.08903563293549295,
        "ci95_lo": 0.34657953761214627,
        "ci95_hi": 0.6666532258064516,
        "n_draws": 100
      },
      "100": {
        "mean": 0.5077675961410553,
        "std": 0.07579920177115286,
        "ci95_lo": 0.37256985561134265,
        "ci95_hi": 0.6616981195887442,
        "n_draws": 100
      },
      "150": {
        "mean": 0.514549272701985,
        "std": 0.060218344279218065,
        "ci95_lo": 0.40091911764705884,
        "ci95_hi": 0.6280303030303029,
        "n_draws": 100
      },
      "200": {
        "mean": 0.5093931543875007,
        "std": 0.05357376919613102,
        "ci95_lo": 0.3970170210224558,
        "ci95_hi": 0.6030092410108174,
        "n_draws": 100
      },