epoch,train_loss,val_win_bal_acc,val_bal_acc,lr
1,0.15827209304704845,0.7342113107912444,0.9166666666666667,0.0001
2,0.10944790221820368,0.6674026914232178,0.7261904761904763,0.0002
3,0.07557653118812732,0.7415467166340175,0.8611111111111112,0.0003
4,0.061691364079766046,0.7278638957499362,0.7698412698412698,0.0004
5,0.0472811266193743,0.7053956221786901,0.7261904761904762,0.0005
6,0.03478265517824014,0.7189144876927007,0.75,0.0004997807075247146
7,0.03261604615436567,0.7472021122561963,0.7738095238095238,0.0004991232148123761
8,0.021662782135359163,0.7433821650626011,0.7777777777777778,0.0004980286753286195
9,0.01871000583328891,0.7472553445192063,0.7777777777777778,0.0004964990092676262
10,0.02509998443444015,0.8303274848820373,0.8888888888888888,0.0004945369001834514
11,0.019054681983084902,0.8001746018226727,0.8333333333333333,0.0004921457902821578
12,0.013224058660125593,0.7637956732816625,0.8333333333333333,0.0004893298743830168
13,0.015521484723514932,0.8219806660420748,0.8333333333333333,0.0004860940925593703
14,0.015532681602662366,0.7572843028702836,0.8055555555555556,0.00048244412147206283
15,0.012216312390314754,0.7628417511285239,0.8333333333333333,0.0004783863644106502
16,0.01893719159577507,0.8239183204156375,0.9166666666666667,0.0004739279400598532
17,0.012765610836694998,0.6992079039264117,0.75,0.0004690766700109659
18,0.011265691960840452,0.7411549271782643,0.8055555555555556,0.0004638410650401267
19,0.01261537505905629,0.7554658887658632,0.7857142857142857,0.00045823031017752484
20,0.009691867023868792,0.7808001873775658,0.8333333333333333,0.0004522542485937369
21,0.01497948357861966,0.7586832467421856,0.8333333333333333,0.00044592336433145995
