{
  "fm": "cbramod",
  "seed": 42,
  "mode": "ft",
  "best_epoch": 4,
  "recipe": {
    "lr": 0.0005,
    "weight_decay": 0.05,
    "layer_decay": 1.0,
    "label_smoothing": 0.1,
    "head_hidden": 0,
    "drop_path": 0.0,
    "encoder_lr_scale": 0.2,
    "warmup_epochs": 0,
    "optimizer_betas": [
      0.9,
      0.999
    ],
    "norm": "none"
  },
  "test_sample": {
    "acc": 0.6161538461538462,
    "bal_acc": 0.4982646982646983,
    "f1": 0.45495854209214287,
    "auroc": 0.6057141654687775
  },
  "test_subject": {
    "acc": 0.6666666666666666,
    "bal_acc": 0.5833333333333334,
    "f1": 0.5079365079365079,
    "auroc": 0.6433862433862433
  },
  "n_train_rec": 70,
  "n_val_rec": 9,
  "n_test_rec": 9
}