{
  "fm": "cbramod",
  "seed": 41,
  "mode": "ft",
  "best_epoch": 32,
  "recipe": {
    "lr": 0.0005,
    "weight_decay": 0.05,
    "layer_decay": 1.0,
    "label_smoothing": 0.1,
    "head_hidden": 0,
    "drop_path": 0.0,
    "encoder_lr_scale": 0.2,
    "warmup_epochs": 0,
    "optimizer_betas": [
      0.9,
      0.999
    ],
    "norm": "none"
  },
  "test_sample": {
    "acc": 0.5003599712023038,
    "bal_acc": 0.5100825325241745,
    "f1": 0.4865312190318069,
    "auroc": 0.7184277803253322
  },
  "test_subject": {
    "acc": 0.5555555555555556,
    "bal_acc": 0.5555555555555555,
    "f1": 0.546031746031746,
    "auroc": 0.7015873015873014
  },
  "n_train_rec": 70,
  "n_val_rec": 9,
  "n_test_rec": 9
}