{
  "fm": "cbramod",
  "seed": 43,
  "mode": "ft",
  "best_epoch": 30,
  "recipe": {
    "lr": 0.0005,
    "weight_decay": 0.05,
    "layer_decay": 1.0,
    "label_smoothing": 0.1,
    "head_hidden": 0,
    "drop_path": 0.0,
    "encoder_lr_scale": 0.2,
    "warmup_epochs": 0,
    "optimizer_betas": [
      0.9,
      0.999
    ],
    "norm": "none"
  },
  "test_sample": {
    "acc": 0.532129963898917,
    "bal_acc": 0.4597165225849988,
    "f1": 0.4602222117283598,
    "auroc": 0.6378823068139333
  },
  "test_subject": {
    "acc": 0.5555555555555556,
    "bal_acc": 0.5277777777777778,
    "f1": 0.5555555555555555,
    "auroc": 0.7182539682539684
  },
  "n_train_rec": 70,
  "n_val_rec": 9,
  "n_test_rec": 9
}