{
  "fm": "cbramod",
  "seed": 45,
  "mode": "ft",
  "best_epoch": 59,
  "recipe": {
    "lr": 0.0005,
    "weight_decay": 0.05,
    "layer_decay": 1.0,
    "label_smoothing": 0.1,
    "head_hidden": 0,
    "drop_path": 0.0,
    "encoder_lr_scale": 0.2,
    "warmup_epochs": 0,
    "optimizer_betas": [
      0.9,
      0.999
    ],
    "norm": "none"
  },
  "test_sample": {
    "acc": 0.3897058823529412,
    "bal_acc": 0.4049547378011882,
    "f1": 0.39292305981157144,
    "auroc": 0.516810713124458
  },
  "test_subject": {
    "acc": 0.5555555555555556,
    "bal_acc": 0.611111111111111,
    "f1": 0.5476190476190476,
    "auroc": 0.558994708994709
  },
  "n_train_rec": 70,
  "n_val_rec": 9,
  "n_test_rec": 9
}