{
  "fm": "cbramod",
  "seed": 41,
  "mode": "frozen",
  "best_epoch": 21,
  "recipe": {
    "lr": 0.0005,
    "weight_decay": 0.05,
    "layer_decay": 1.0,
    "label_smoothing": 0.1,
    "head_hidden": 0,
    "drop_path": 0.0,
    "encoder_lr_scale": 0.2,
    "warmup_epochs": 0,
    "optimizer_betas": [
      0.9,
      0.999
    ],
    "norm": "none"
  },
  "test_sample": {
    "acc": 0.39956803455723544,
    "bal_acc": 0.2998478598428408,
    "f1": 0.1996159009417847,
    "auroc": 0.4383678942351151
  },
  "test_subject": {
    "acc": 0.4444444444444444,
    "bal_acc": 0.3333333333333333,
    "f1": 0.20512820512820515,
    "auroc": 0.42301587301587307
  },
  "n_train_rec": 70,
  "n_val_rec": 9,
  "n_test_rec": 9
}