{
  "fm": "cbramod",
  "seed": 44,
  "mode": "frozen",
  "best_epoch": 12,
  "recipe": {
    "lr": 0.0005,
    "weight_decay": 0.05,
    "layer_decay": 1.0,
    "label_smoothing": 0.1,
    "head_hidden": 0,
    "drop_path": 0.0,
    "encoder_lr_scale": 0.2,
    "warmup_epochs": 0,
    "optimizer_betas": [
      0.9,
      0.999
    ],
    "norm": "none"
  },
  "test_sample": {
    "acc": 0.23893183415319746,
    "bal_acc": 0.20712901626785638,
    "f1": 0.17960267574895047,
    "auroc": 0.3155275558172073
  },
  "test_subject": {
    "acc": 0.2222222222222222,
    "bal_acc": 0.19444444444444442,
    "f1": 0.1693121693121693,
    "auroc": 0.2563492063492063
  },
  "n_train_rec": 70,
  "n_val_rec": 9,
  "n_test_rec": 9
}