{
  "fm": "cbramod",
  "seed": 42,
  "mode": "frozen",
  "best_epoch": 23,
  "recipe": {
    "lr": 0.0005,
    "weight_decay": 0.05,
    "layer_decay": 1.0,
    "label_smoothing": 0.1,
    "head_hidden": 0,
    "drop_path": 0.0,
    "encoder_lr_scale": 0.2,
    "warmup_epochs": 0,
    "optimizer_betas": [
      0.9,
      0.999
    ],
    "norm": "none"
  },
  "test_sample": {
    "acc": 0.4546153846153846,
    "bal_acc": 0.33996256268983543,
    "f1": 0.2393873907732782,
    "auroc": 0.5695110007441402
  },
  "test_subject": {
    "acc": 0.4444444444444444,
    "bal_acc": 0.3333333333333333,
    "f1": 0.20512820512820515,
    "auroc": 0.6449735449735451
  },
  "n_train_rec": 70,
  "n_val_rec": 9,
  "n_test_rec": 9
}