{
  "fm": "labram",
  "seed": 41,
  "mode": "frozen",
  "best_epoch": 33,
  "recipe": {
    "lr": 0.0005,
    "weight_decay": 0.05,
    "layer_decay": 0.65,
    "label_smoothing": 0.1,
    "head_hidden": 0,
    "drop_path": 0.1,
    "encoder_lr_scale": 1.0,
    "warmup_epochs": 5,
    "optimizer_betas": [
      0.9,
      0.999
    ],
    "norm": "zscore"
  },
  "test_sample": {
    "acc": 0.5147588192944564,
    "bal_acc": 0.4456897568904648,
    "f1": 0.44753097086523846,
    "auroc": 0.6365899768386435
  },
  "test_subject": {
    "acc": 0.5555555555555556,
    "bal_acc": 0.47222222222222215,
    "f1": 0.4222222222222222,
    "auroc": 0.6682539682539682
  },
  "n_train_rec": 70,
  "n_val_rec": 9,
  "n_test_rec": 9
}