{
  "fm": "labram",
  "seed": 43,
  "mode": "frozen",
  "best_epoch": 12,
  "recipe": {
    "lr": 0.0005,
    "weight_decay": 0.05,
    "layer_decay": 0.65,
    "label_smoothing": 0.1,
    "head_hidden": 0,
    "drop_path": 0.1,
    "encoder_lr_scale": 1.0,
    "warmup_epochs": 5,
    "optimizer_betas": [
      0.9,
      0.999
    ],
    "norm": "zscore"
  },
  "test_sample": {
    "acc": 0.33574007220216606,
    "bal_acc": 0.2726585871129099,
    "f1": 0.2724318438256727,
    "auroc": 0.42461379185478104
  },
  "test_subject": {
    "acc": 0.2222222222222222,
    "bal_acc": 0.19444444444444442,
    "f1": 0.1851851851851852,
    "auroc": 0.37513227513227515
  },
  "n_train_rec": 70,
  "n_val_rec": 9,
  "n_test_rec": 9
}