{
  "fm": "labram",
  "seed": 42,
  "mode": "ft",
  "best_epoch": 1,
  "recipe": {
    "lr": 0.0005,
    "weight_decay": 0.05,
    "layer_decay": 0.65,
    "label_smoothing": 0.1,
    "head_hidden": 0,
    "drop_path": 0.1,
    "encoder_lr_scale": 1.0,
    "warmup_epochs": 5,
    "optimizer_betas": [
      0.9,
      0.999
    ],
    "norm": "zscore"
  },
  "test_sample": {
    "acc": 0.48923076923076925,
    "bal_acc": 0.3856984766075675,
    "f1": 0.3445650076072599,
    "auroc": 0.5438990686216919
  },
  "test_subject": {
    "acc": 0.5555555555555556,
    "bal_acc": 0.4444444444444444,
    "f1": 0.3757575757575758,
    "auroc": 0.593121693121693
  },
  "n_train_rec": 70,
  "n_val_rec": 9,
  "n_test_rec": 9
}