{
  "fm": "labram",
  "seed": 45,
  "mode": "frozen",
  "best_epoch": 5,
  "recipe": {
    "lr": 0.0005,
    "weight_decay": 0.05,
    "layer_decay": 0.65,
    "label_smoothing": 0.1,
    "head_hidden": 0,
    "drop_path": 0.1,
    "encoder_lr_scale": 1.0,
    "warmup_epochs": 5,
    "optimizer_betas": [
      0.9,
      0.999
    ],
    "norm": "zscore"
  },
  "test_sample": {
    "acc": 0.3643048128342246,
    "bal_acc": 0.3186553132794339,
    "f1": 0.28807173115173523,
    "auroc": 0.4828177641239866
  },
  "test_subject": {
    "acc": 0.3333333333333333,
    "bal_acc": 0.27777777777777773,
    "f1": 0.24444444444444446,
    "auroc": 0.43941798941798943
  },
  "n_train_rec": 70,
  "n_val_rec": 9,
  "n_test_rec": 9
}