{
  "fm": "reve",
  "seed": 43,
  "mode": "ft",
  "best_epoch": 2,
  "recipe": {
    "lr": 0.00024,
    "weight_decay": 0.01,
    "layer_decay": 1.0,
    "label_smoothing": 0.0,
    "head_hidden": 0,
    "drop_path": 0.0,
    "encoder_lr_scale": 0.1,
    "warmup_epochs": 2,
    "optimizer_betas": [
      0.9,
      0.95
    ],
    "norm": "none"
  },
  "test_sample": {
    "acc": 0.36967509025270756,
    "bal_acc": 0.31871783120130864,
    "f1": 0.298407771053433,
    "auroc": 0.4794700937671182
  },
  "test_subject": {
    "acc": 0.3333333333333333,
    "bal_acc": 0.3055555555555555,
    "f1": 0.24338624338624337,
    "auroc": 0.43862433862433864
  },
  "n_train_rec": 70,
  "n_val_rec": 9,
  "n_test_rec": 9
}