{
  "fm": "reve",
  "seed": 42,
  "mode": "frozen",
  "best_epoch": 1,
  "recipe": {
    "lr": 0.00024,
    "weight_decay": 0.01,
    "layer_decay": 1.0,
    "label_smoothing": 0.0,
    "head_hidden": 0,
    "drop_path": 0.0,
    "encoder_lr_scale": 0.1,
    "warmup_epochs": 2,
    "optimizer_betas": [
      0.9,
      0.95
    ],
    "norm": "none"
  },
  "test_sample": {
    "acc": 0.40692307692307694,
    "bal_acc": 0.3811980948344585,
    "f1": 0.3763572484086528,
    "auroc": 0.5507435422408644
  },
  "test_subject": {
    "acc": 0.3333333333333333,
    "bal_acc": 0.3333333333333333,
    "f1": 0.16666666666666666,
    "auroc": 0.7502645502645503
  },
  "n_train_rec": 70,
  "n_val_rec": 9,
  "n_test_rec": 9
}