{
  "fm": "reve",
  "seed": 45,
  "mode": "frozen",
  "best_epoch": 17,
  "recipe": {
    "lr": 0.00024,
    "weight_decay": 0.01,
    "layer_decay": 1.0,
    "label_smoothing": 0.0,
    "head_hidden": 0,
    "drop_path": 0.0,
    "encoder_lr_scale": 0.1,
    "warmup_epochs": 2,
    "optimizer_betas": [
      0.9,
      0.95
    ],
    "norm": "none"
  },
  "test_sample": {
    "acc": 0.32687165775401067,
    "bal_acc": 0.3290320276543505,
    "f1": 0.32313581842993605,
    "auroc": 0.4572345304918852
  },
  "test_subject": {
    "acc": 0.3333333333333333,
    "bal_acc": 0.3611111111111111,
    "f1": 0.33968253968253964,
    "auroc": 0.5476190476190476
  },
  "n_train_rec": 70,
  "n_val_rec": 9,
  "n_test_rec": 9
}