{
  "fm": "reve",
  "seed": 41,
  "mode": "ft",
  "best_epoch": 100,
  "recipe": {
    "lr": 0.00024,
    "weight_decay": 0.01,
    "layer_decay": 1.0,
    "label_smoothing": 0.0,
    "head_hidden": 0,
    "drop_path": 0.0,
    "encoder_lr_scale": 0.1,
    "warmup_epochs": 2,
    "optimizer_betas": [
      0.9,
      0.95
    ],
    "norm": "none"
  },
  "test_sample": {
    "acc": 0.4744420446364291,
    "bal_acc": 0.44814466610919873,
    "f1": 0.44647739344977494,
    "auroc": 0.5956038638430956
  },
  "test_subject": {
    "acc": 0.5555555555555556,
    "bal_acc": 0.5555555555555555,
    "f1": 0.5555555555555555,
    "auroc": 0.6206349206349207
  },
  "n_train_rec": 70,
  "n_val_rec": 9,
  "n_test_rec": 9
}