{
  "fm": "reve",
  "seed": 44,
  "mode": "frozen",
  "best_epoch": 3,
  "recipe": {
    "lr": 0.00024,
    "weight_decay": 0.01,
    "layer_decay": 1.0,
    "label_smoothing": 0.0,
    "head_hidden": 0,
    "drop_path": 0.0,
    "encoder_lr_scale": 0.1,
    "warmup_epochs": 2,
    "optimizer_betas": [
      0.9,
      0.95
    ],
    "norm": "none"
  },
  "test_sample": {
    "acc": 0.2522839072382291,
    "bal_acc": 0.23339626681475498,
    "f1": 0.23436420444622405,
    "auroc": 0.32802088393234297
  },
  "test_subject": {
    "acc": 0.4444444444444444,
    "bal_acc": 0.3611111111111111,
    "f1": 0.3151515151515151,
    "auroc": 0.2748677248677248
  },
  "n_train_rec": 70,
  "n_val_rec": 9,
  "n_test_rec": 9
}