{
  "fm": "reve",
  "seed": 41,
  "mode": "frozen",
  "best_epoch": 19,
  "recipe": {
    "lr": 0.00024,
    "weight_decay": 0.01,
    "layer_decay": 1.0,
    "label_smoothing": 0.0,
    "head_hidden": 0,
    "drop_path": 0.0,
    "encoder_lr_scale": 0.1,
    "warmup_epochs": 2,
    "optimizer_betas": [
      0.9,
      0.95
    ],
    "norm": "none"
  },
  "test_sample": {
    "acc": 0.42260619150467965,
    "bal_acc": 0.3905486938202147,
    "f1": 0.3896620580524699,
    "auroc": 0.5442941252234248
  },
  "test_subject": {
    "acc": 0.5555555555555556,
    "bal_acc": 0.5277777777777778,
    "f1": 0.5222222222222223,
    "auroc": 0.6055555555555556
  },
  "n_train_rec": 70,
  "n_val_rec": 9,
  "n_test_rec": 9
}