{
  "labram": {
    "raw": {
      "spearman_r": -0.09790294570297395,
      "p_value": 0.26224114477433863
    },
    "z_scored": {
      "spearman_r": -0.1341610693374147,
      "p_value": 0.12366154171439332
    },
    "n_pairs": 133
  },
  "cbramod": {
    "raw": {
      "spearman_r": -0.21176122120367508,
      "p_value": 0.014408521212479168
    },
    "z_scored": {
      "spearman_r": -0.1829146831543513,
      "p_value": 0.03508497371409391
    },
    "n_pairs": 133
  },
  "reve": {
    "raw": {
      "spearman_r": -0.25613833905792666,
      "p_value": 0.002921709855317939
    },
    "z_scored": {
      "spearman_r": -0.14332516739884568,
      "p_value": 0.09980232975606813
    },
    "n_pairs": 133
  }
}