{
  "labram": {
    "loo_ba": 0.6805555555555556,
    "dist_mean": 0.03562435603449473,
    "dist_std": 0.019573044883262565,
    "wilcoxon_p": 1.4551915228366852e-11,
    "n_subjects": 36,
    "stress_dist_mean": 0.020056154397454912,
    "stress_dist_std": 0.016348091557880164
  },
  "cbramod": {
    "loo_ba": 0.6388888888888888,
    "dist_mean": 0.009540224099593934,
    "dist_std": 0.005658729685217859,
    "wilcoxon_p": 1.4551915228366852e-11,
    "n_subjects": 36,
    "stress_dist_mean": 0.01648072040203103,
    "stress_dist_std": 0.022144343422228915
  },
  "reve": {
    "loo_ba": 0.6666666666666667,
    "dist_mean": 0.0814072703732133,
    "dist_std": 0.040763516960559146,
    "wilcoxon_p": 1.4551915228366852e-11,
    "n_subjects": 36,
    "stress_dist_mean": 0.07322728537172034,
    "stress_dist_std": 0.06968928201393232
  }
}