{
  "umap_model": "labram",
  "direction_consistency": {
    "eegmat": {
      "labram": 0.1492095647147751,
      "cbramod": 0.14548645150351938,
      "reve": 0.06385703251754618
    },
    "stress": {
      "labram": -0.0014656547785068742,
      "cbramod": -0.020764296380767835,
      "reve": -0.015741447205460127
    }
  }
}