{
  "frozen": {
    "eegmat": {
      "labram": {
        "dir_consistency": 0.1492095647147751,
        "loo_ba": 0.6805555555555556
      },
      "cbramod": {
        "dir_consistency": 0.14548645150351938,
        "loo_ba": 0.6388888888888888
      },
      "reve": {
        "dir_consistency": 0.06385703251754618,
        "loo_ba": 0.6666666666666667
      }
    },
    "stress": {
      "labram": {
        "dir_consistency": -0.0014656547785068742,
        "mean_spearman_r": 0.15343005728161954,
        "per_subject_r": [
          0.7999999999999999,
          -0.7999999999999999,
          -0.9999999999999999,
          0.6,
          0.9999999999999999,
          0.6,
          0.3,
          -0.19999999999999998,
          -0.10540925533894598,
          0.5,
          -0.19999999999999998,
          0.0,
          0.5
        ]
      },
      "cbramod": {
        "dir_consistency": -0.020764296380767835,
        "mean_spearman_r": -0.17817136661667984,
        "per_subject_r": [
          0.39999999999999997,
          -0.6,
          -0.9999999999999999,
          -0.09999999999999999,
          0.9999999999999999,
          -0.49999999999999994,
          -0.3,
          -0.19999999999999998,
          -0.316227766016838,
          -0.5,
          -0.7,
          0.0,
          0.5
        ]
      },
      "reve": {
        "dir_consistency": -0.015741447205460127,
        "mean_spearman_r": 0.07047905892437213,
        "per_subject_r": [
          0.39999999999999997,
          -0.7999999999999999,
          -0.9999999999999999,
          0.49999999999999994,
          0.9999999999999999,
          0.9999999999999999,
          0.6,
          0.7999999999999999,
          0.316227766016838,
          -0.5,
          0.19999999999999998,
          -0.6000000000000001,
          -1.0
        ]
      }
    }
  },
  "ft": {
    "eegmat": {
      "labram": {
        "dir_consistency": 0.14858397274420396,
        "loo_ba": 0.6388888888888888
      },
      "cbramod": {
        "dir_consistency": 0.14621124942309277,
        "loo_ba": 0.5972222222222222
      },
      "reve": {
        "dir_consistency": 0.06722983727993127,
        "loo_ba": 0.6527777777777778
      }
    },
    "stress": {
      "labram": {
        "dir_consistency": -0.0004346275558227775,
        "mean_spearman_r": -0.15509444353975674,
        "per_subject_r": [
          -0.19999999999999998,
          -0.39999999999999997,
          -0.9999999999999999,
          0.6,
          -0.9999999999999999,
          0.19999999999999998,
          -0.19999999999999998,
          0.19999999999999998,
          -0.316227766016838,
          0.5,
          -0.49999999999999994,
          -0.39999999999999997,
          0.5
        ]
      },
      "cbramod": {
        "dir_consistency": 0.025830629682390038,
        "mean_spearman_r": 0.29522036825943243,
        "per_subject_r": [
          0.7999999999999999,
          0.09999999999999999,
          0.9999999999999999,
          0.09999999999999999,
          -0.9999999999999999,
          0.7,
          0.09999999999999999,
          -0.7999999999999999,
          0.7378647873726218,
          0.5,
          0.39999999999999997,
          0.19999999999999998,
          1.0
        ]
      },
      "reve": {
        "dir_consistency": -0.013541484477926243,
        "mean_spearman_r": 0.16278675123206446,
        "per_subject_r": [
          0.0,
          0.09999999999999999,
          0.9999999999999999,
          0.39999999999999997,
          0.9999999999999999,
          0.9999999999999999,
          0.19999999999999998,
          0.39999999999999997,
          0.316227766016838,
          -0.5,
          -0.3,
          -1.0,
          -0.5
        ]
      }
    }
  }
}