{
  "bootstrap_ci": {
    "labram_frozen": {
      "mean": 0.6049107142857143,
      "std": 0.029864036072008177,
      "n_seeds": 8,
      "ci_95_lo": 0.5848214285714286,
      "ci_95_hi": 0.6261160714285714,
      "values": [
        0.6160714285714286,
        0.5803571428571428,
        0.6517857142857143,
        0.5803571428571428,
        0.6160714285714286,
        0.5625,
        0.5892857142857143,
        0.6428571428571429
      ]
    },
    "labram_ft": {
      "mean": 0.5238333333333333,
      "std": 0.00839100047008033,
      "n_seeds": 3,
      "ci_95_lo": 0.5179,
      "ci_95_hi": 0.5357,
      "config": {
        "lr": "1e-4",
        "elrs": "1.0"
      },
      "values": [
        0.5179,
        0.5357,
        0.5179
      ]
    },
    "cbramod_frozen": {
      "mean": 0.4520089285714286,
      "std": 0.02992653499507124,
      "n_seeds": 8,
      "ci_95_lo": 0.42968750000000006,
      "ci_95_hi": 0.4720982142857143,
      "values": [
        0.44642857142857145,
        0.44642857142857145,
        0.5,
        0.3928571428571429,
        0.4375,
        0.4821428571428571,
        0.44642857142857145,
        0.4642857142857143
      ]
    },
    "cbramod_ft": {
      "mean": 0.5476333333333333,
      "std": 0.02560551155947138,
      "n_seeds": 3,
      "ci_95_lo": 0.5179,
      "ci_95_hi": 0.5804,
      "config": {
        "lr": "1e-5",
        "elrs": "0.1"
      },
      "values": [
        0.5179,
        0.5804,
        0.5446
      ]
    },
    "reve_frozen": {
      "mean": 0.49441964285714285,
      "std": 0.016666500583781326,
      "n_seeds": 8,
      "ci_95_lo": 0.48214285714285715,
      "ci_95_hi": 0.5055803571428571,
      "values": [
        0.5089285714285714,
        0.4821428571428571,
        0.5,
        0.4821428571428571,
        0.4642857142857143,
        0.4910714285714286,
        0.5178571428571428,
        0.5089285714285714
      ]
    },
    "reve_ft": {
      "mean": 0.5773666666666667,
      "std": 0.04144533213228671,
      "n_seeds": 3,
      "ci_95_lo": 0.5357,
      "ci_95_hi": 0.6339,
      "config": {
        "lr": "3e-5",
        "elrs": "0.1"
      },
      "values": [
        0.5625,
        0.6339,
        0.5357
      ]
    }
  },
  "permutation_frozen_vs_ft": {
    "labram": {
      "frozen_3seed": [
        0.6160714285714286,
        0.5803571428571428,
        0.6517857142857143
      ],
      "ft_3seed": [
        0.5179,
        0.5357,
        0.5179
      ],
      "mean_diff_frozen_minus_ft": 0.09223809523809523,
      "p_value_two_sided": 0.2479
    },
    "cbramod": {
      "frozen_3seed": [
        0.44642857142857145,
        0.44642857142857145,
        0.5
      ],
      "ft_3seed": [
        0.5179,
        0.5804,
        0.5446
      ],
      "mean_diff_frozen_minus_ft": -0.08334761904761906,
      "p_value_two_sided": 0.2479
    },
    "reve": {
      "frozen_3seed": [
        0.5089285714285714,
        0.4821428571428571,
        0.5
      ],
      "ft_3seed": [
        0.5625,
        0.6339,
        0.5357
      ],
      "mean_diff_frozen_minus_ft": -0.08034285714285722,
      "p_value_two_sided": 0.2479
    }
  },
  "sign_test_trial_vs_subject": {
    "trial_bas": {
      "labram": 0.862,
      "reve": 0.77,
      "cbramod": 0.712
    },
    "subj_bas": {
      "labram": 0.656,
      "reve": 0.553,
      "cbramod": 0.488
    },
    "gaps": {
      "labram": 0.20599999999999996,
      "reve": 0.21699999999999997,
      "cbramod": 0.22399999999999998
    },
    "n_positive": 3,
    "n_total": 3,
    "sign_test_p": 0.125,
    "wilcoxon_W": 6.0,
    "wilcoxon_p": 0.125,
    "note": "Both BAs from subject-dass single-seed (historical reference). Gap direction is the claim, not absolute values."
  },
  "cohens_d": {
    "labram": {
      "d": 4.298873741417317,
      "frozen_mean": 0.6160714285714285,
      "ft_mean": 0.5238333333333333,
      "pooled_std": 0.02145633968018907
    },
    "cbramod": {
      "d": -3.277496350746741,
      "frozen_mean": 0.46428571428571425,
      "ft_mean": 0.5476333333333333,
      "pooled_std": 0.025430270587068458
    },
    "reve": {
      "d": -2.6475858780782247,
      "frozen_mean": 0.4970238095238095,
      "ft_mean": 0.5773666666666667,
      "pooled_std": 0.030345703913927373
    }
  }
}