{
  "models": [
    "labram",
    "cbramod",
    "reve"
  ],
  "datasets": [
    "stress",
    "adftd",
    "tdbrain",
    "eegmat"
  ],
  "table": {
    "labram": {
      "stress": {
        "frozen_mean": 0.6049107142857143,
        "frozen_std": 0.03192599747648938,
        "frozen_n": 8,
        "ft_mean": 0.5238333333333334,
        "ft_std": 0.010276834791575297,
        "ft_n": 3
      },
      "adftd": {
        "frozen_mean": 0.695242656449553,
        "frozen_std": 0.005695901269128792,
        "frozen_n": 3,
        "ft_mean": 0.7086,
        "ft_std": 0.013721880337621414,
        "ft_n": 3
      },
      "tdbrain": {
        "frozen_mean": 0.6793772163120567,
        "frozen_std": 0.008929962093978713,
        "frozen_n": 3,
        "ft_mean": 0.6645666666666666,
        "ft_std": 0.044658071312287266,
        "ft_n": 3
      },
      "eegmat": {
        "frozen_mean": 0.6712962962962963,
        "frozen_std": 0.056131276171213676,
        "frozen_n": 3,
        "ft_mean": 0.7314666666666667,
        "ft_std": 0.021232600719962035,
        "ft_n": 3
      }
    },
    "cbramod": {
      "stress": {
        "frozen_mean": 0.4520089285714286,
        "frozen_std": 0.03199281163567347,
        "frozen_n": 8,
        "ft_mean": 0.5476333333333333,
        "ft_std": 0.03136021896182062,
        "ft_n": 3
      },
      "adftd": {
        "frozen_mean": 0.5582162622392508,
        "frozen_std": 0.0216203989165142,
        "frozen_n": 3,
        "ft_mean": 0.5372,
        "ft_std": 0.026553154238244496,
        "ft_n": 3
      },
      "tdbrain": {
        "frozen_mean": 0.5644281914893617,
        "frozen_std": 0.007108825240597251,
        "frozen_n": 3,
        "ft_mean": 0.48793333333333333,
        "ft_std": 0.013615187598168953,
        "ft_n": 3
      },
      "eegmat": {
        "frozen_mean": 0.7314814814814815,
        "frozen_std": 0.052582484683335935,
        "frozen_n": 3,
        "ft_mean": 0.6204,
        "ft_std": 0.057814271594477426,
        "ft_n": 3
      }
    },
    "reve": {
      "stress": {
        "frozen_mean": 0.49441964285714285,
        "frozen_std": 0.01781723857742217,
        "frozen_n": 8,
        "ft_mean": 0.5773666666666667,
        "ft_std": 0.05075995797213918,
        "ft_n": 3
      },
      "adftd": {
        "frozen_mean": 0.69247552149851,
        "frozen_std": 0.02619611328461439,
        "frozen_n": 3,
        "ft_mean": 0.6577333333333333,
        "ft_std": 0.03017189641592546,
        "ft_n": 3
      },
      "tdbrain": {
        "frozen_mean": 0.5442043439716312,
        "frozen_std": 0.00863508320375571,
        "frozen_n": 3,
        "ft_mean": 0.48833333333333334,
        "ft_std": 0.019154459881012897,
        "ft_n": 3
      },
      "eegmat": {
        "frozen_mean": 0.6712962962962963,
        "frozen_std": 0.02121562821738812,
        "frozen_n": 3,
        "ft_mean": 0.7268333333333333,
        "ft_std": 0.03498089955008781,
        "ft_n": 3
      }
    }
  }
}