{
  "cells": [
    {
      "cell": "eegmat",
      "fms": [
        {
          "fm": "labram",
          "trace_anova": {
            "frozen_label_pct": 1.2619411634629607,
            "ft_label_pct": 3.253855402727667,
            "delta_label_pp": 1.9919142392647065,
            "frozen_subject_pct": 21.164995655952524,
            "ft_subject_pct": 59.74942657420761,
            "delta_subject_pp": 38.58443091825509,
            "label_design": "within_subject"
          },
          "permanova": {
            "frozen_label_pct": 2.5772179338196706,
            "ft_label_pct": 4.898306884556427,
            "delta_label_pp": 2.3210889507367565,
            "frozen_subject_pct": 41.996708066798334,
            "ft_subject_pct": 66.13516784525862,
            "delta_subject_pp": 24.13845977846029,
            "p_label_frozen": 0.001,
            "p_label_ft": 0.001,
            "design": "within_subject"
          },
          "cka": {
            "frozen_cka_label": 0.060591807544770275,
            "ft_cka_label": 0.05208768153482888,
            "delta_cka_label": -0.008504126009941396,
            "frozen_cka_subject": 0.17142228164085924,
            "ft_cka_subject": 0.1623922535887152,
            "delta_cka_subject": -0.009030028052144035
          },
          "subject_probe": {
            "original": 0.6817901234567901,
            "aperiodic_removed": 0.5372839506172837,
            "periodic_removed": 0.6839506172839506,
            "both_removed": 0.5293827160493827,
            "chance": 0.027777777777777776,
            "n_subjects": 36
          }
        },
        {
          "fm": "cbramod",
          "trace_anova": {
            "frozen_label_pct": 1.0531307642833132,
            "ft_label_pct": 2.286745412320055,
            "delta_label_pp": 1.2336146480367414,
            "frozen_subject_pct": 29.558095234629878,
            "ft_subject_pct": 58.530954773233724,
            "delta_subject_pp": 28.972859538603846,
            "label_design": "within_subject"
          },
          "permanova": {
            "frozen_label_pct": 2.0875841145514045,
            "ft_label_pct": 3.376149869200212,
            "delta_label_pp": 1.2885657546488078,
            "frozen_subject_pct": 54.72108983546771,
            "ft_subject_pct": 68.30200432675532,
            "delta_subject_pp": 13.58091449128761,
            "p_label_frozen": 0.001,
            "p_label_ft": 0.001,
            "design": "within_subject"
          },
          "cka": {
            "frozen_cka_label": 0.03510364031225301,
            "ft_cka_label": 0.057319514708353746,
            "delta_cka_label": 0.02221587439610074,
            "frozen_cka_subject": 0.16687352980257014,
            "ft_cka_subject": 0.24867237778105455,
            "delta_cka_subject": 0.08179884797848441
          },
          "subject_probe": {
            "original": 0.693395061728395,
            "aperiodic_removed": 0.5039506172839505,
            "periodic_removed": 0.6910493827160493,
            "both_removed": 0.5035802469135803,
            "chance": 0.027777777777777776,
            "n_subjects": 36
          }
        },
        {
          "fm": "reve",
          "trace_anova": {
            "frozen_label_pct": 0.39073015927062066,
            "ft_label_pct": 0.6454102913748534,
            "delta_label_pp": 0.2546801321042328,
            "frozen_subject_pct": 16.206087373744733,
            "ft_subject_pct": 31.9845776257327,
            "delta_subject_pp": 15.77849025198797,
            "label_design": "within_subject"
          },
          "permanova": {
            "frozen_label_pct": 0.616175456541729,
            "ft_label_pct": 1.0402104917077193,
            "delta_label_pp": 0.4240350351659903,
            "frozen_subject_pct": 29.531271463885822,
            "ft_subject_pct": 58.3008065032562,
            "delta_subject_pp": 28.769535039370375,
            "p_label_frozen": 0.001,
            "p_label_ft": 0.001,
            "design": "within_subject"
          },
          "cka": {
            "frozen_cka_label": 0.018056785186787862,
            "ft_cka_label": 0.033011499606137445,
            "delta_cka_label": 0.014954714419349584,
            "frozen_cka_subject": 0.12692633929943117,
            "ft_cka_subject": 0.27779773923778056,
            "delta_cka_subject": 0.1508713999383494
          },
          "subject_probe": {
            "original": 0.5710493827160494,
            "aperiodic_removed": 0.3432716049382715,
            "periodic_removed": 0.5660493827160494,
            "both_removed": 0.3420987654320987,
            "chance": 0.027777777777777776,
            "n_subjects": 36
          }
        }
      ]
    },
    {
      "cell": "sleepdep",
      "fms": [
        {
          "fm": "labram",
          "trace_anova": {
            "frozen_label_pct": 0.2978057596365153,
            "ft_label_pct": 0.3130051759924738,
            "delta_label_pp": 0.015199416355958506,
            "frozen_subject_pct": 25.184250954907224,
            "ft_subject_pct": 40.891835389302834,
            "delta_subject_pp": 15.70758443439561,
            "label_design": "within_subject"
          },
          "permanova": {
            "frozen_label_pct": 0.21558568525786595,
            "ft_label_pct": 0.306721062218292,
            "delta_label_pp": 0.09113537696042606,
            "frozen_subject_pct": 61.050784211039264,
            "ft_subject_pct": 56.30835837637037,
            "delta_subject_pp": -4.742425834668895,
            "p_label_frozen": 0.001,
            "p_label_ft": 0.001,
            "design": "within_subject"
          },
          "cka": {
            "frozen_cka_label": 0.007892251157429404,
            "ft_cka_label": 0.005702447368684078,
            "delta_cka_label": -0.0021898037887453257,
            "frozen_cka_subject": 0.11281411440065967,
            "ft_cka_subject": 0.1259252768210305,
            "delta_cka_subject": 0.013111162420370831
          },
          "subject_probe": {
            "original": 0.6307870370370371,
            "aperiodic_removed": 0.5233796296296296,
            "periodic_removed": 0.6310185185185184,
            "both_removed": 0.5222222222222221,
            "chance": 0.027777777777777776,
            "n_subjects": 36
          }
        },
        {
          "fm": "cbramod",
          "trace_anova": {
            "frozen_label_pct": 0.8096700794669176,
            "ft_label_pct": 0.5993144684144064,
            "delta_label_pp": -0.2103556110525112,
            "frozen_subject_pct": 32.486541866867405,
            "ft_subject_pct": 52.08476016188984,
            "delta_subject_pp": 19.598218295022434,
            "label_design": "within_subject"
          },
          "permanova": {
            "frozen_label_pct": 1.0501872141643196,
            "ft_label_pct": 0.5864809025145727,
            "delta_label_pp": -0.4637063116497469,
            "frozen_subject_pct": 63.0703886316348,
            "ft_subject_pct": 70.00053820605085,
            "delta_subject_pp": 6.930149574416045,
            "p_label_frozen": 0.001,
            "p_label_ft": 0.001,
            "design": "within_subject"
          },
          "cka": {
            "frozen_cka_label": 0.013473783004508274,
            "ft_cka_label": 0.008996375681245387,
            "delta_cka_label": -0.004477407323262886,
            "frozen_cka_subject": 0.09138007619856547,
            "ft_cka_subject": 0.13215699183679128,
            "delta_cka_subject": 0.0407769156382258
          },
          "subject_probe": {
            "original": 0.5983796296296297,
            "aperiodic_removed": 0.5638888888888889,
            "periodic_removed": 0.5958333333333333,
            "both_removed": 0.5638888888888889,
            "chance": 0.027777777777777776,
            "n_subjects": 36
          }
        },
        {
          "fm": "reve",
          "trace_anova": {
            "frozen_label_pct": 0.18212365454062993,