epoch,train_loss,val_win_bal_acc,val_bal_acc,lr
1,0.2427069110174974,0.4512366926640814,0.3181818181818182,9.999999999999999e-06
2,0.18215441508662134,0.46362540484800957,0.6590909090909092,1.9999999999999998e-05
3,0.14988389513677075,0.44539090526193487,0.7045454545454546,3e-05
4,0.12403347662517003,0.47602864072734663,0.45454545454545453,2.99665031793473e-05
5,0.0889142199108998,0.42280655890084673,0.7045454545454546,2.9866162322321703e-05
6,0.049286330606611,0.417411006056381,0.6590909090909092,2.9699425575548802e-05
7,0.02110656270469051,0.3891188473995323,0.5681818181818181,2.946703762581565e-05
8,0.0070429880981377905,0.43464337065923053,0.45454545454545453,2.917003637411878e-05
9,0.0028118940695310898,0.41123843550753053,0.6590909090909092,2.880974830014643e-05
10,0.0013198797293755757,0.421521211857145,0.6590909090909092,2.838778253789822e-05
11,0.0008075575448553233,0.40224100620161796,0.6136363636363636,2.790602368890209e-05
12,0.0005365813075124086,0.4114926001771891,0.6136363636363636,2.7366623405126405e-05
13,0.0003945750151961831,0.40738239437642515,0.6136363636363636,2.6771990779179916e-05
14,0.00030058524169449116,0.40609704733272334,0.6136363636363636,2.6124781584719365e-05
15,0.00023764165061514913,0.4063512120023819,0.6136363636363636,2.5427886415119635e-05
16,0.00019289200658282165,0.41174676484684763,0.6136363636363636,2.4684417773382037e-05
17,0.00015999582276327558,0.41174676484684763,0.6136363636363636,2.3897696170940328e-05
18,0.00013591444084817166,0.41020725313348727,0.6136363636363636,2.307123529745059e-05
19,0.00011757759955885593,0.41688815302165483,0.6136363636363636,2.2208726327800257e-05
20,0.00010217402508975024,0.4104614178031459,0.6136363636363636,2.1314021436425026e-05
21,9.022634401931317e-05,0.40917607075944407,0.6136363636363636,2.039111659256269e-05
22,8.020365755458312e-05,0.41174676484684763,0.6136363636363636,1.9444133713284513e-05
23,7.21719956605479e-05,0.41174676484684763,0.6136363636363636,1.8477302254012925e-05
24,6.575959915131708e-05,0.40917607075944407,0.6136363636363636,1.749494031874695e-05
25,5.965086472228688e-05,0.41174676484684763,0.6136363636363636,1.6501435374361478e-05
26,5.435670233228371e-05,0.40789072371574225,0.6136363636363636,1.5501224655115118e-05
