epoch,train_loss,val_win_bal_acc,val_bal_acc,lr
1,0.27368402909742645,0.4726949745000286,0.36363636363636365,9.999999999999999e-06
2,0.1964196303527649,0.44160383768429157,0.26136363636363635,1.9999999999999998e-05
3,0.15429750574778203,0.4722774789819658,0.48863636363636365,3e-05
4,0.11982985320564819,0.5072161235131838,0.48863636363636365,2.99665031793473e-05
5,0.08366138319650741,0.4994146876560492,0.5340909090909092,2.9866162322321703e-05
6,0.04781114299819894,0.4983259248344344,0.5340909090909092,2.9699425575548802e-05
7,0.024268977420583163,0.49695473857413,0.4090909090909091,2.946703762581565e-05
8,0.010908489128294056,0.48679568096793474,0.4090909090909091,2.917003637411878e-05
9,0.00515730760366439,0.4807992992624246,0.5,2.880974830014643e-05
10,0.0023391776620920695,0.4760103800846452,0.5,2.838778253789822e-05
11,0.0012770342997000998,0.4721464999959069,0.45454545454545453,2.790602368890209e-05
12,0.0008042616267730035,0.4665225897820019,0.45454545454545453,2.7366623405126405e-05
13,0.0005422846873829856,0.46719385708555383,0.5,2.6771990779179916e-05
14,0.0004028815574575637,0.468790163478147,0.5,2.6124781584719365e-05
15,0.0003066956276298909,0.4665225897820019,0.5,2.5427886415119635e-05
16,0.00024094984379089885,0.46585132247844985,0.5,2.4684417773382037e-05
17,0.0001970621787010826,0.46585132247844985,0.5,2.3897696170940328e-05
18,0.00016132338002024295,0.4647175356303773,0.45454545454545453,2.307123529745059e-05
19,0.0001388472145202423,0.46358374878230474,0.45454545454545453,2.2208726327800257e-05
20,0.00011697880123791361,0.46358374878230474,0.45454545454545453,2.1314021436425026e-05
21,0.00010442360263829732,0.4647175356303773,0.45454545454545453,2.039111659256269e-05
