{
  "dataset": "adftd",
  "results": {
    "labram": {
      "original": {
        "subject_probe_mean": 0.8557692307692308,
        "subject_probe_std": 0.020864656644008266,
        "subject_probe_bas": [
          0.8307692307692308,
          0.823076923076923,
          0.8538461538461538,
          0.8769230769230769,
          0.8846153846153846,
          0.8538461538461538,
          0.8615384615384616,
          0.8615384615384616
        ],
        "state_probe_mean": 0.6538553639846743,
        "state_probe_std": 0.01819398156384012,
        "state_probe_bas": [
          0.6864623243933589,
          0.6379310344827587,
          0.6414431673052363,
          0.6358556832694764,
          0.6645913154533845,
          0.6703384418901661,
          0.6518199233716475,
          0.6424010217113665
        ]
      },
      "aperiodic_removed": {
        "subject_probe_mean": 0.8298076923076922,
        "subject_probe_std": 0.03005700416836891,
        "subject_probe_bas": [
          0.8,
          0.8461538461538461,
          0.8615384615384616,
          0.823076923076923,
          0.8538461538461538,
          0.8076923076923077,
          0.8615384615384616,
          0.7846153846153846
        ],
        "state_probe_mean": 0.5418263090676884,
        "state_probe_std": 0.04002574159078049,
        "state_probe_bas": [
          0.5755108556832694,
          0.5110153256704981,
          0.5284163473818646,
          0.5882822477650064,
          0.552522349936143,
          0.5871647509578544,
          0.5098978288633461,
          0.48180076628352486
        ]
      },
      "periodic_removed": {
        "subject_probe_mean": 0.8528846153846155,
        "subject_probe_std": 0.020737664249192985,
        "subject_probe_bas": [
          0.8384615384615385,
          0.823076923076923,
          0.8384615384615385,
          0.8769230769230769,
          0.8846153846153846,
          0.8461538461538461,
          0.8615384615384616,
          0.8538461538461538
        ],
        "state_probe_mean": 0.6553121008939975,
        "state_probe_std": 0.01536634374951076,
        "state_probe_bas": [
          0.6864623243933589,
          0.6425606641123882,
          0.6484674329501916,
          0.6473499361430396,
          0.6599616858237548,
          0.6681034482758621,
          0.6460727969348659,
          0.6435185185185185
        ]
      },
      "both_removed": {
        "subject_probe_mean": 0.8278846153846153,
        "subject_probe_std": 0.024648844017755984,
        "subject_probe_bas": [
          0.8076923076923077,
          0.8461538461538461,
          0.8461538461538461,
          0.8153846153846154,
          0.8538461538461538,
          0.8076923076923077,
          0.8538461538461538,
          0.7923076923076923
        ],
        "state_probe_mean": 0.5441411238825031,
        "state_probe_std": 0.03955663137536932,
        "state_probe_bas": [
          0.5755108556832694,
          0.5202745849297573,
          0.5272988505747127,
          0.5940293742017879,
          0.5617816091954023,
          0.5825351213282248,
          0.5052681992337165,
          0.4864303959131545
        ]
      }
    },
    "cbramod": {
      "original": {
        "subject_probe_mean": 0.7480769230769231,
        "subject_probe_std": 0.02458445859472208,
        "subject_probe_bas": [
          0.7923076923076923,
          0.7692307692307693,
          0.7538461538461538,
          0.7384615384615385,
          0.7153846153846154,
          0.7538461538461538,
          0.7307692307692307,
          0.7307692307692307
        ],
        "state_probe_mean": 0.5706018518518519,
        "state_probe_std": 0.035235561477165285,
        "state_probe_bas": [
          0.6275542784163475,
          0.5491698595146871,
          0.5386334610472542,
          0.5908365261813537,
          0.5537994891443168,
          0.6021711366538953,
          0.5790229885057472,
          0.5236270753512133
        ]
      },
      "aperiodic_removed": {
        "subject_probe_mean": 0.9403846153846154,
        "subject_probe_std": 0.02559519714033431,
        "subject_probe_bas": [
          0.9,
          0.9153846153846154,
          0.9461538461538461,
          0.9538461538461539,
          0.9615384615384616,
          0.9769230769230769,
          0.9461538461538461,
          0.9230769230769231
        ],
        "state_probe_mean": 0.6916906130268199,
        "state_probe_std": 0.05452167804357787,
        "state_probe_bas": [
          0.7139208173690932,
          0.7357918263090677,
          0.7105683269476373,
          0.7519157088122606,
          0.7195083014048531,
          0.6412835249042146,
          0.6722541507024266,
          0.5882822477650064
        ]
      },
      "periodic_removed": {
        "subject_probe_mean": 0.7490384615384615,
        "subject_probe_std": 0.02286995097611803,
        "subject_probe_bas": [
          0.7923076923076923,
          0.7615384615384615,
          0.7538461538461538,
          0.7384615384615385,
          0.7230769230769231,
          0.7615384615384615,
          0.7307692307692307,
          0.7307692307692307
        ],
        "state_probe_mean": 0.572477650063857,
        "state_probe_std": 0.034165711722932826,
        "state_probe_bas": [
          0.6264367816091954,
          0.5537994891443168,
          0.5443805874840357,
          0.5919540229885057,
          0.5537994891443168,
          0.6021711366538953,
          0.5836526181353767,
          0.5236270753512133
        ]
      },
      "both_removed": {
        "subject_probe_mean": 0.9403846153846154,
        "subject_probe_std": 0.02559519714033431,
        "subject_probe_bas": [
          0.9,
          0.9153846153846154,
          0.9461538461538461,
          0.9538461538461539,
          0.9615384615384616,
          0.9769230769230769,
          0.9461538461538461,
          0.9230769230769231
        ],
        "state_probe_mean": 0.6921096743295019,
        "state_probe_std": 0.05303684385711149,
        "state_probe_bas": [
          0.7139208173690932,
          0.7415389527458492,
          0.7059386973180077,
          0.7519157088122606,
          0.7148786717752236,
          0.6424010217113665,
          0.6722541507024266,
          0.5940293742017879
        ]
      }
    },
    "reve": {
      "original": {
        "subject_probe_mean": 0.6471153846153845,
        "subject_probe_std": 0.017655240673691886,
        "subject_probe_bas": [
          0.6692307692307692,
          0.6538461538461539,
          0.6230769230769231,
          0.6615384615384615,
          0.6384615384615384,
          0.6230769230769231,
          0.6461538461538462,
          0.6615384615384615
        ],
        "state_probe_mean": 0.6519795657726692,
        "state_probe_std": 0.027449873054566358,
        "state_probe_bas": [
          0.6946040868454662,
          0.6749680715197957,
          0.6460727969348659,
          0.6206896551724137,
          0.6414431673052363,
          0.6542145593869731,
          0.6701787994891444,
          0.6136653895274585
        ]
      },
      "aperiodic_removed": {
        "subject_probe_mean": 0.8846153846153846,
        "subject_probe_std": 0.020965696734438374,
        "subject_probe_bas": [
          0.8923076923076924,
          0.9230769230769231,
          0.8692307692307693,
          0.8692307692307693,
          0.8615384615384616,
          0.9,
          0.8692307692307693,
          0.8923076923076924
        ],
        "state_probe_mean": 0.6136055236270754,
        "state_probe_std": 0.055394364522729174,
        "state_probe_bas": [
          0.6655491698595146,
          0.6457535121328225,
          0.5999361430395913,
          0.6170178799489144,
          0.666507024265645,
          0.634418901660281,
          0.5812579821200511,
          0.4984035759897829
        ]
      },