{
  "provenance": {
    "raw_dir": "results/studies/exp27_paired_null/adftd",
    "snapshot_date": "2026-04-25",
    "commit": "e47a8b0",
    "script": "scripts/analysis/rebuild_final_snapshots.py",
    "notes": "30-seed LaBraM FT permutation null for adftd; aggregated."
  },
  "model": "labram",
  "cell": "adftd",
  "n_seeds": 30,
  "subject_bal_acc_per_seed": {
    "s0": 0.5565,
    "s1": 0.478,
    "s10": 0.5115,
    "s11": 0.5809,
    "s12": 0.5158,
    "s13": 0.5048,
    "s14": 0.6298,
    "s15": 0.5714,
    "s16": 0.5814,
    "s17": 0.4392,
    "s18": 0.5125,
    "s19": 0.3113,
    "s2": 0.5024,
    "s20": 0.387,
    "s21": 0.3774,
    "s22": 0.5192,
    "s23": 0.5881,
    "s24": 0.5158,
    "s25": 0.4847,
    "s26": 0.4914,
    "s27": 0.4607,
    "s28": 0.4665,
    "s29": 0.4842,
    "s3": 0.4981,
    "s4": 0.4909,
    "s5": 0.4497,
    "s6": 0.5364,
    "s7": 0.5053,
    "s8": 0.4981,
    "s9": 0.4679
  },
  "subject_bal_acc_mean": 0.49722999999999995,
  "subject_bal_acc_std_ddof1": 0.0650839677806214,
  "subject_bal_acc_min": 0.3113,
  "subject_bal_acc_max": 0.6298
}