epoch,train_loss,train_acc,val_loss,val_win_bal_acc,val_rec_bal_acc,lr
1,0.5697254483033759,0.6161,0.30526036977046,0.6852072666058777,0.788888888888889,9.996740476948386e-06
2,0.0616382613372777,0.9249,0.27492646208489846,0.754541628673634,0.788888888888889,1.0000000000000001e-07
