epoch,train_loss,train_acc,val_loss,val_win_bal_acc,val_rec_bal_acc,lr
1,0.36783600058721067,0.6605,0.4194538855462008,0.6745759263497877,0.8333333333333333,9.997845031134992e-06
2,0.0809372291688786,0.9053,0.4390820683887789,0.7018132804353907,0.788888888888889,1.0000000000000001e-07
