{
  "protocol_note": "FT 3-seed (42, 123, 2024). LP 3-seed subset uses same seeds for matched \u0394. LP 8-seed is the full stats.",
  "results": {
    "stress__labram": {
      "ft_seeds_42_123_2024": [
        0.5357,
        0.4196,
        0.375
      ],
      "ft_mean": 0.4434333333333333,
      "ft_std_ddof1": 0.08295868449615947,
      "lp_seeds_42_123_2024": [
        0.5089285714285714,
        0.5178571428571428,
        0.49107142857142855
      ],
      "lp_mean_3seed": 0.5059523809523809,
      "lp_std_3seed_ddof1": 0.013638618139749505,
      "lp_mean_8seed": 0.5245535714285714,
      "lp_std_8seed_ddof1": 0.03985841834693814,
      "delta_ft_minus_lp3_per_seed": [
        0.026771428571428557,
        -0.09825714285714282,
        -0.11607142857142855
      ],
      "delta_mean_ft_vs_lp3": -0.06251904761904764,
      "delta_mean_ft_vs_lp8": -0.0811202380952381
    },
    "eegmat__labram": {
      "ft_seeds_42_123_2024": [
        0.7083,
        0.75,
        0.7361
      ],
      "ft_mean": 0.7314666666666666,
      "ft_std_ddof1": 0.021232600719962035,
      "lp_seeds_42_123_2024": [
        0.7222222222222222,
        0.7083333333333333,
        0.7777777777777778
      ],
      "lp_mean_3seed": 0.736111111111111,
      "lp_std_3seed_ddof1": 0.03674654598700824,
      "lp_mean_8seed": 0.736111111111111,
      "lp_std_8seed_ddof1": 0.024622368345219983,
      "delta_ft_minus_lp3_per_seed": [
        -0.01392222222222217,
        0.04166666666666674,
        -0.041677777777777814
      ],
      "delta_mean_ft_vs_lp3": -0.004644444444444451,
      "delta_mean_ft_vs_lp8": -0.004644444444444451
    },
    "eegmat__cbramod": {
      "ft_seeds_42_123_2024": [
        0.5556,
        0.6667,
        0.6389
      ],
      "ft_mean": 0.6204,
      "ft_std_ddof1": 0.057814271594477426,
      "lp_seeds_42_123_2024": [
        0.7222222222222222,
        0.6944444444444444,
        0.7361111111111112
      ],
      "lp_mean_3seed": 0.7175925925925926,
      "lp_std_3seed_ddof1": 0.02121562821738818,
      "lp_mean_8seed": 0.7222222222222221,
      "lp_std_8seed_ddof1": 0.02227177015936872,
      "delta_ft_minus_lp3_per_seed": [
        -0.16662222222222223,
        -0.02774444444444446,
        -0.09721111111111114
      ],
      "delta_mean_ft_vs_lp3": -0.09719259259259261,
      "delta_mean_ft_vs_lp8": -0.10182222222222215
    },
    "eegmat__reve": {
      "ft_seeds_42_123_2024": [
        0.6944,
        0.7639,
        0.7222
      ],
      "ft_mean": 0.7268333333333333,
      "ft_std_ddof1": 0.03498089955008781,
      "lp_seeds_42_123_2024": [
        0.7361111111111112,
        0.7222222222222223,
        0.75
      ],
      "lp_mean_3seed": 0.7361111111111112,
      "lp_std_3seed_ddof1": 0.01388888888888884,
      "lp_mean_8seed": 0.7326388888888888,
      "lp_std_8seed_ddof1": 0.020667328031745674,
      "delta_ft_minus_lp3_per_seed": [
        -0.04171111111111114,
        0.0416777777777777,
        -0.027800000000000047
      ],
      "delta_mean_ft_vs_lp3": -0.00927777777777783,
      "delta_mean_ft_vs_lp8": -0.005805555555555508
    },
    "adftd__labram": {
      "ft_seeds_42_123_2024": [
        0.7026,
        0.7243,
        0.6989
      ],
      "ft_mean": 0.7086,
      "ft_std_ddof1": 0.013721880337621414,
      "lp_seeds_42_123_2024": [
        0.6922094508301404,
        0.633301404853129,
        0.6414431673052363
      ],
      "lp_mean_3seed": 0.6556513409961686,
      "lp_std_3seed_ddof1": 0.03192089628959683,
      "lp_mean_8seed": 0.652558269476373,
      "lp_std_8seed_ddof1": 0.01811420002955526,
      "delta_ft_minus_lp3_per_seed": [
        0.010390549169859598,
        0.09099859514687103,
        0.05745683269476365
      ],
      "delta_mean_ft_vs_lp3": 0.05294865900383139,
      "delta_mean_ft_vs_lp8": 0.05604173052362704
    },
    "adftd__cbramod": {
      "ft_seeds_42_123_2024": [
        0.5094,
        0.5623,
        0.5399
      ],
      "ft_mean": 0.5372,
      "ft_std_ddof1": 0.0265531542382445,
      "lp_seeds_42_123_2024": [
        0.6136653895274585,
        0.5341634738186463,
        0.5454980842911877
      ],
      "lp_mean_3seed": 0.5644423158790975,
      "lp_std_3seed_ddof1": 0.043003506638238716,
      "lp_mean_8seed": 0.5697038633461047,
      "lp_std_8seed_ddof1": 0.02968930978376754,
      "delta_ft_minus_lp3_per_seed": [
        -0.10426538952745856,
        0.02813652618135376,
        -0.005598084291187688
      ],
      "delta_mean_ft_vs_lp3": -0.027242315879097534,
      "delta_mean_ft_vs_lp8": -0.03250386334610467
    },
    "adftd__reve": {
      "ft_seeds_42_123_2024": [
        0.6624,
        0.6853,
        0.6255
      ],
      "ft_mean": 0.6577333333333334,
      "ft_std_ddof1": 0.03017189641592546,
      "lp_seeds_42_123_2024": [
        0.6946040868454662,
        0.6749680715197957,
        0.6460727969348659
      ],
      "lp_mean_3seed": 0.6718816517667093,
      "lp_std_3seed_ddof1": 0.02441241518706957,
      "lp_mean_8seed": 0.6519795657726692,
      "lp_std_8seed_ddof1": 0.027449873054566358,
      "delta_ft_minus_lp3_per_seed": [
        -0.03220408684546616,
        0.010331928480204366,
        -0.02057279693486591
      ],
      "delta_mean_ft_vs_lp3": -0.01414831843337594,
      "delta_mean_ft_vs_lp8": 0.005753767560664147
    },
    "tdbrain__labram": {
      "ft_seeds_42_123_2024": [
        0.6903,
        0.6904,
        0.613
      ],
      "ft_mean": 0.6645666666666666,
      "ft_std_ddof1": 0.044658071312287266,
      "lp_seeds_42_123_2024": [
        0.7415059840425532,
        0.7378989361702128,
        0.7568317819148935
      ],
      "lp_mean_3seed": 0.7454122340425533,
      "lp_std_3seed_ddof1": 0.01005272370031343,
      "lp_mean_8seed": 0.751550033244681,
      "lp_std_8seed_ddof1": 0.010953690828508606,
      "delta_ft_minus_lp3_per_seed": [
        -0.051205984042553165,
        -0.047498936170212835,
        -0.14383178191489354
      ],
      "delta_mean_ft_vs_lp3": -0.08084556737588666,
      "delta_mean_ft_vs_lp8": -0.08698336657801431
    },
    "tdbrain__cbramod": {
      "ft_seeds_42_123_2024": [
        0.4978,
        0.4724,
        0.4936
      ],
      "ft_mean": 0.48793333333333333,
      "ft_std_ddof1": 0.013615187598168953,
      "lp_seeds_42_123_2024": [
        0.5087599734042554,
        0.5135970744680851,
        0.5584940159574469
      ],
      "lp_mean_3seed": 0.5269503546099291,
      "lp_std_3seed_ddof1": 0.027424465629809252,
      "lp_mean_8seed": 0.5245740525265957,
      "lp_std_8seed_ddof1": 0.022279542292665027,
      "delta_ft_minus_lp3_per_seed": [
        -0.010959973404255363,
        -0.041197074468085126,
        -0.06489401595744687
      ],
      "delta_mean_ft_vs_lp3": -0.03901702127659579,
      "delta_mean_ft_vs_lp8": -0.036640719193262394
    },
    "tdbrain__reve": {
      "ft_seeds_42_123_2024": [
        0.476,
        0.5104,
        0.4786
      ],
      "ft_mean": 0.4883333333333333,
      "ft_std_ddof1": 0.019154459881012897,
      "lp_seeds_42_123_2024": [
        0.4915724734042553,
        0.5202127659574468,
        0.5322639627659574
      ],
      "lp_mean_3seed": 0.5146830673758865,
      "lp_std_3seed_ddof1": 0.020901734411779373,
      "lp_mean_8seed": 0.5192175033244681,
      "lp_std_8seed_ddof1": 0.021947852128572157,
      "delta_ft_minus_lp3_per_seed": [
        -0.015572473404255327,
        -0.009812765957446845,
        -0.05366396276595742
      ],
      "delta_mean_ft_vs_lp3": -0.026349734042553252,
      "delta_mean_ft_vs_lp8": -0.030884169991134858
    }
  }
}