epoch,train_loss,val_win_bal_acc,val_bal_acc,lr
1,0.24475304688079447,0.5504975031444191,0.6666666666666666,9.999999999999999e-06
2,0.2003639713872837,0.5283620378326547,0.5303030303030303,1.9999999999999998e-05
3,0.15305161051735094,0.5173534576157208,0.3939393939393939,3e-05
4,0.10885091333449641,0.5288663902068468,0.43939393939393934,2.99665031793473e-05
5,0.06545172037580345,0.4682320269984185,0.43939393939393934,2.9866162322321703e-05
6,0.03574160752888722,0.46660066499794517,0.3939393939393939,2.9699425575548802e-05
7,0.018299063420088232,0.49077844609656174,0.48484848484848486,2.946703762581565e-05
8,0.009448410091402976,0.5033249897261554,0.5303030303030303,2.917003637411878e-05
9,0.005048501499062051,0.5299560403980026,0.5303030303030303,2.880974830014643e-05
10,0.0031603659456006334,0.531176448612097,0.5303030303030303,2.838778253789822e-05
11,0.0019430633184140478,0.5385238041867474,0.5303030303030303,2.790602368890209e-05
12,0.0014015981104870362,0.5560702855506159,0.5757575757575758,2.7366623405126405e-05
13,0.0010186625825818864,0.5570914434440418,0.5757575757575758,2.6771990779179916e-05
14,0.0007742020887097262,0.553112663603193,0.5757575757575758,2.6124781584719365e-05
15,0.0006047692265003459,0.5478076238153946,0.5757575757575758,2.5427886415119635e-05
16,0.0004933662587317013,0.5557651834970923,0.5757575757575758,2.4684417773382037e-05
