epoch,train_loss,val_win_bal_acc,val_bal_acc,lr
1,0.49475870516739395,0.4462791670540114,0.3,9.999999999999999e-06
2,0.212024329916427,0.5764618388026401,0.75,1.9999999999999998e-05
3,0.16152710898926384,0.645602863251836,0.8,3e-05
4,0.12340460992173145,0.6562935762759133,0.6,2.99665031793473e-05
5,0.09183960182494239,0.6487752161383284,0.8,2.9866162322321703e-05
6,0.0655761149368788,0.7104095007901832,0.75,2.9699425575548802e-05
7,0.04424327099695802,0.6363763130984474,0.75,2.946703762581565e-05
8,0.028036342823485796,0.6571651017941805,0.9,2.917003637411878e-05
9,0.016367900565168576,0.627521613832853,0.7,2.880974830014643e-05
10,0.00948848092536393,0.6274867528121224,0.9,2.838778253789822e-05
11,0.005502412904446062,0.6203170028818443,0.65,2.790602368890209e-05
12,0.003458470095402414,0.6220251928976481,0.9,2.7366623405126405e-05
13,0.002361740956027796,0.6038974621176908,0.65,2.6771990779179916e-05
14,0.001609511567757612,0.611961978246723,0.65,2.6124781584719365e-05
15,0.001198766280140262,0.6105210560565213,0.65,2.5427886415119635e-05
16,0.0009326622381003721,0.605326763967649,0.65,2.4684417773382037e-05
17,0.0007430785435166112,0.5995746955470856,0.65,2.3897696170940328e-05
18,0.0005945695193076972,0.6030375569396672,0.4,2.307123529745059e-05
19,0.0004990482249061307,0.6088012457004741,0.4,2.2208726327800257e-05
20,0.0004187592758650058,0.6082202286882961,0.65,2.1314021436425026e-05
21,0.00036730332699095783,0.6070698150041833,0.65,2.039111659256269e-05
22,0.00032075785089833326,0.6070698150041833,0.65,1.9444133713284513e-05
23,0.00028297330802735433,0.6056288928139816,0.65,1.8477302254012925e-05
24,0.0002505083346860422,0.6085107371943851,0.65,1.749494031874695e-05
25,0.0002276692334577858,0.6099516593845867,0.65,1.6501435374361478e-05
